--
-- PostgreSQL database dump
--

-- Dumped from database version 12.6
-- Dumped by pg_dump version 12.6

SET statement_timeout = 0;
SET lock_timeout = 0;
SET idle_in_transaction_session_timeout = 0;
SET client_encoding = 'UTF8';
SET standard_conforming_strings = on;
SELECT pg_catalog.set_config('search_path', '', false);
SET check_function_bodies = false;
SET xmloption = content;
SET client_min_messages = warning;
SET row_security = off;

SET default_tablespace = '';

SET default_table_access_method = heap;

--
-- Name: ar_internal_metadata; Type: TABLE; Schema: public; Owner: Mekinsie
--

CREATE TABLE public.ar_internal_metadata (
    key character varying NOT NULL,
    value character varying,
    created_at timestamp without time zone NOT NULL,
    updated_at timestamp without time zone NOT NULL
);


ALTER TABLE public.ar_internal_metadata OWNER TO "Mekinsie";

--
-- Name: ingredients; Type: TABLE; Schema: public; Owner: Mekinsie
--

CREATE TABLE public.ingredients (
    id bigint NOT NULL,
    name character varying,
    created_at timestamp without time zone NOT NULL,
    updated_at timestamp without time zone NOT NULL
);


ALTER TABLE public.ingredients OWNER TO "Mekinsie";

--
-- Name: ingredients_id_seq; Type: SEQUENCE; Schema: public; Owner: Mekinsie
--

CREATE SEQUENCE public.ingredients_id_seq
    START WITH 1
    INCREMENT BY 1
    NO MINVALUE
    NO MAXVALUE
    CACHE 1;


ALTER TABLE public.ingredients_id_seq OWNER TO "Mekinsie";

--
-- Name: ingredients_id_seq; Type: SEQUENCE OWNED BY; Schema: public; Owner: Mekinsie
--

ALTER SEQUENCE public.ingredients_id_seq OWNED BY public.ingredients.id;


--
-- Name: ingredients_recipes; Type: TABLE; Schema: public; Owner: Mekinsie
--

CREATE TABLE public.ingredients_recipes (
    ingredient_id bigint,
    recipe_id bigint
);


ALTER TABLE public.ingredients_recipes OWNER TO "Mekinsie";

--
-- Name: recipes; Type: TABLE; Schema: public; Owner: Mekinsie
--

CREATE TABLE public.recipes (
    id bigint NOT NULL,
    name character varying,
    created_at timestamp without time zone NOT NULL,
    updated_at timestamp without time zone NOT NULL
);


ALTER TABLE public.recipes OWNER TO "Mekinsie";

--
-- Name: recipes_id_seq; Type: SEQUENCE; Schema: public; Owner: Mekinsie
--

CREATE SEQUENCE public.recipes_id_seq
    START WITH 1
    INCREMENT BY 1
    NO MINVALUE
    NO MAXVALUE
    CACHE 1;


ALTER TABLE public.recipes_id_seq OWNER TO "Mekinsie";

--
-- Name: recipes_id_seq; Type: SEQUENCE OWNED BY; Schema: public; Owner: Mekinsie
--

ALTER SEQUENCE public.recipes_id_seq OWNED BY public.recipes.id;


--
-- Name: schema_migrations; Type: TABLE; Schema: public; Owner: Mekinsie
--

CREATE TABLE public.schema_migrations (
    version character varying NOT NULL
);


ALTER TABLE public.schema_migrations OWNER TO "Mekinsie";

--
-- Name: ingredients id; Type: DEFAULT; Schema: public; Owner: Mekinsie
--

ALTER TABLE ONLY public.ingredients ALTER COLUMN id SET DEFAULT nextval('public.ingredients_id_seq'::regclass);


--
-- Name: recipes id; Type: DEFAULT; Schema: public; Owner: Mekinsie
--

ALTER TABLE ONLY public.recipes ALTER COLUMN id SET DEFAULT nextval('public.recipes_id_seq'::regclass);


--
-- Data for Name: ar_internal_metadata; Type: TABLE DATA; Schema: public; Owner: Mekinsie
--

COPY public.ar_internal_metadata (key, value, created_at, updated_at) FROM stdin;
environment	development	2021-03-18 20:55:44.127202	2021-03-18 20:55:44.127202
\.


--
-- Data for Name: ingredients; Type: TABLE DATA; Schema: public; Owner: Mekinsie
--

COPY public.ingredients (id, name, created_at, updated_at) FROM stdin;
116	Arrowroot	2021-03-18 21:50:42.993052	2021-03-18 21:50:42.993052
110	English Spinach	2021-03-18 21:50:42.968003	2021-03-18 21:50:42.968003
117	Milk	2021-03-18 21:50:42.996646	2021-03-18 21:50:42.996646
118	Mung Beans	2021-03-18 21:50:42.999847	2021-03-18 21:50:42.999847
111	Salmon	2021-03-18 21:50:42.975751	2021-03-18 21:50:42.975751
112	Cabbage	2021-03-18 21:50:42.979374	2021-03-18 21:50:42.979374
113	Arrowroot	2021-03-18 21:50:42.982645	2021-03-18 21:50:42.982645
114	Figs	2021-03-18 21:50:42.98612	2021-03-18 21:50:42.98612
115	Eggs	2021-03-18 21:50:42.989627	2021-03-18 21:50:42.989627
119	Chives	2021-03-18 21:50:43.00309	2021-03-18 21:50:43.00309
120	Hiramasa Kingfish	2021-03-18 21:50:43.008347	2021-03-18 21:50:43.008347
121	Custard Apples	2021-03-18 21:50:43.011896	2021-03-18 21:50:43.011896
122	Juniper Berries	2021-03-18 21:50:43.015423	2021-03-18 21:50:43.015423
123	Arrowroot	2021-03-18 21:50:43.018743	2021-03-18 21:50:43.018743
124	Avocado Oil	2021-03-18 21:50:43.021946	2021-03-18 21:50:43.021946
125	Butternut Pumpkin	2021-03-18 21:50:43.025324	2021-03-18 21:50:43.025324
126	Oranges	2021-03-18 21:50:43.028683	2021-03-18 21:50:43.028683
127	Apple Juice	2021-03-18 21:50:43.0319	2021-03-18 21:50:43.0319
128	Fennel Seeds	2021-03-18 21:50:43.035319	2021-03-18 21:50:43.035319
129	Mahi Mahi	2021-03-18 21:50:43.038688	2021-03-18 21:50:43.038688
130	Coconut Oil	2021-03-18 21:50:43.043478	2021-03-18 21:50:43.043478
131	Common Cultivated Mushrooms	2021-03-18 21:50:43.04722	2021-03-18 21:50:43.04722
132	Wattleseed	2021-03-18 21:50:43.050555	2021-03-18 21:50:43.050555
133	Yogurt	2021-03-18 21:50:43.053841	2021-03-18 21:50:43.053841
134	Mackerel	2021-03-18 21:50:43.057395	2021-03-18 21:50:43.057395
135	Choy Sum	2021-03-18 21:50:43.060601	2021-03-18 21:50:43.060601
136	Kumera	2021-03-18 21:50:43.064584	2021-03-18 21:50:43.064584
137	Prunes	2021-03-18 21:50:43.06815	2021-03-18 21:50:43.06815
138	Brown Rice Vinegar	2021-03-18 21:50:43.071366	2021-03-18 21:50:43.071366
139	Brown Rice Vinegar	2021-03-18 21:50:43.074763	2021-03-18 21:50:43.074763
140	Peaches	2021-03-18 21:50:43.080214	2021-03-18 21:50:43.080214
141	Aniseed	2021-03-18 21:50:43.083727	2021-03-18 21:50:43.083727
142	Chicken	2021-03-18 21:50:43.086971	2021-03-18 21:50:43.086971
143	Chicken	2021-03-18 21:50:43.090411	2021-03-18 21:50:43.090411
144	Brown Mushrooms	2021-03-18 21:50:43.093788	2021-03-18 21:50:43.093788
145	Harissa	2021-03-18 21:50:43.097081	2021-03-18 21:50:43.097081
146	Cranberry	2021-03-18 21:50:43.100319	2021-03-18 21:50:43.100319
147	Chinese Cabbage	2021-03-18 21:50:43.103641	2021-03-18 21:50:43.103641
148	Peaches	2021-03-18 21:50:43.107239	2021-03-18 21:50:43.107239
149	Almond Oil	2021-03-18 21:50:43.11062	2021-03-18 21:50:43.11062
150	White Flour	2021-03-18 21:50:43.115506	2021-03-18 21:50:43.115506
151	Chickory	2021-03-18 21:50:43.119105	2021-03-18 21:50:43.119105
152	Kudzu	2021-03-18 21:50:43.12228	2021-03-18 21:50:43.12228
153	Anchovies	2021-03-18 21:50:43.125591	2021-03-18 21:50:43.125591
154	Wakame	2021-03-18 21:50:43.128834	2021-03-18 21:50:43.128834
155	Asafoetida	2021-03-18 21:50:43.132269	2021-03-18 21:50:43.132269
156	White Wine	2021-03-18 21:50:43.13571	2021-03-18 21:50:43.13571
157	Capsicum	2021-03-18 21:50:43.13913	2021-03-18 21:50:43.13913
158	Nori	2021-03-18 21:50:43.142464	2021-03-18 21:50:43.142464
159	Warehou	2021-03-18 21:50:43.145823	2021-03-18 21:50:43.145823
160	Shiitake Mushrooms	2021-03-18 21:50:43.150824	2021-03-18 21:50:43.150824
161	Mahi Mahi	2021-03-18 21:50:43.154405	2021-03-18 21:50:43.154405
162	Blackberries	2021-03-18 21:50:43.157659	2021-03-18 21:50:43.157659
163	Peppercorns	2021-03-18 21:50:43.160978	2021-03-18 21:50:43.160978
164	Horseradish	2021-03-18 21:50:43.164329	2021-03-18 21:50:43.164329
165	Milk Chocolate	2021-03-18 21:50:43.167843	2021-03-18 21:50:43.167843
166	Ham	2021-03-18 21:50:43.171087	2021-03-18 21:50:43.171087
167	White Bread	2021-03-18 21:50:43.17478	2021-03-18 21:50:43.17478
168	Rye	2021-03-18 21:50:43.178404	2021-03-18 21:50:43.178404
169	Molasses	2021-03-18 21:50:43.181698	2021-03-18 21:50:43.181698
170	Gruyere	2021-03-18 21:50:43.186736	2021-03-18 21:50:43.186736
171	Chicken Stock	2021-03-18 21:50:43.190641	2021-03-18 21:50:43.190641
172	Jarrahdale Pumpkin	2021-03-18 21:50:43.194032	2021-03-18 21:50:43.194032
173	Radicchio	2021-03-18 21:50:43.197449	2021-03-18 21:50:43.197449
174	Morwong	2021-03-18 21:50:43.200804	2021-03-18 21:50:43.200804
175	Ricemilk	2021-03-18 21:50:43.20448	2021-03-18 21:50:43.20448
176	Nori	2021-03-18 21:50:43.207951	2021-03-18 21:50:43.207951
177	Anchovies	2021-03-18 21:50:43.211213	2021-03-18 21:50:43.211213
178	Goat Cheese	2021-03-18 21:50:43.214611	2021-03-18 21:50:43.214611
179	Tomatoes	2021-03-18 21:50:43.217985	2021-03-18 21:50:43.217985
180	Fromage Blanc	2021-03-18 21:50:43.223145	2021-03-18 21:50:43.223145
181	Octopus	2021-03-18 21:50:43.226828	2021-03-18 21:50:43.226828
182	Bran	2021-03-18 21:50:43.230236	2021-03-18 21:50:43.230236
183	Cheddar	2021-03-18 21:50:43.233568	2021-03-18 21:50:43.233568
184	Tomatoes	2021-03-18 21:50:43.23692	2021-03-18 21:50:43.23692
185	Cantaloupe	2021-03-18 21:50:43.240354	2021-03-18 21:50:43.240354
186	Leeks	2021-03-18 21:50:43.243575	2021-03-18 21:50:43.243575
187	Ham	2021-03-18 21:50:43.24682	2021-03-18 21:50:43.24682
188	Cottage Cheese	2021-03-18 21:50:43.250142	2021-03-18 21:50:43.250142
189	Bread	2021-03-18 21:50:43.254558	2021-03-18 21:50:43.254558
190	Jelly	2021-03-18 21:50:43.259699	2021-03-18 21:50:43.259699
191	Pumpkin	2021-03-18 21:50:43.263363	2021-03-18 21:50:43.263363
192	Dried Chinese Broccoli	2021-03-18 21:50:43.26675	2021-03-18 21:50:43.26675
193	Grapes	2021-03-18 21:50:43.270112	2021-03-18 21:50:43.270112
194	Dashi	2021-03-18 21:50:43.273444	2021-03-18 21:50:43.273444
195	Bok Choy	2021-03-18 21:50:43.277196	2021-03-18 21:50:43.277196
196	Avocado Oil	2021-03-18 21:50:43.280571	2021-03-18 21:50:43.280571
197	Cornmeal	2021-03-18 21:50:43.283832	2021-03-18 21:50:43.283832
198	Carob Carrot	2021-03-18 21:50:43.287222	2021-03-18 21:50:43.287222
199	Parrotfish	2021-03-18 21:50:43.290647	2021-03-18 21:50:43.290647
200	Tangelo	2021-03-18 21:50:43.295835	2021-03-18 21:50:43.295835
201	Marigold	2021-03-18 21:50:43.299496	2021-03-18 21:50:43.299496
202	Thyme	2021-03-18 21:50:43.30268	2021-03-18 21:50:43.30268
203	Carob Carrot	2021-03-18 21:50:43.306166	2021-03-18 21:50:43.306166
204	Butternut Lettuce	2021-03-18 21:50:43.309631	2021-03-18 21:50:43.309631
205	Dragonfruit	2021-03-18 21:50:43.312822	2021-03-18 21:50:43.312822
206	Nutmeg	2021-03-18 21:50:43.316305	2021-03-18 21:50:43.316305
207	Pumpkin	2021-03-18 21:50:43.319616	2021-03-18 21:50:43.319616
208	Coriander Seed	2021-03-18 21:50:43.323377	2021-03-18 21:50:43.323377
209	Bay Leaves	2021-03-18 21:50:43.326814	2021-03-18 21:50:43.326814
210	Vermicelli Noodles	2021-03-18 21:50:43.331712	2021-03-18 21:50:43.331712
211	Cinnamon	2021-03-18 21:50:43.335348	2021-03-18 21:50:43.335348
212	Dragonfruit	2021-03-18 21:50:43.338804	2021-03-18 21:50:43.338804
213	Oranges	2021-03-18 21:50:43.342134	2021-03-18 21:50:43.342134
214	Balsamic Vinegar	2021-03-18 21:50:43.345348	2021-03-18 21:50:43.345348
215	Loquats	2021-03-18 21:50:43.348588	2021-03-18 21:50:43.348588
216	Mulberries	2021-03-18 21:50:43.35186	2021-03-18 21:50:43.35186
217	Pandanus Leaves	2021-03-18 21:50:43.355347	2021-03-18 21:50:43.355347
218	Mandarins	2021-03-18 21:50:43.358776	2021-03-18 21:50:43.358776
219	Sultanas	2021-03-18 21:50:43.361965	2021-03-18 21:50:43.361965
220	Cranberry	2021-03-18 21:50:43.366814	2021-03-18 21:50:43.366814
221	Okra	2021-03-18 21:50:43.370504	2021-03-18 21:50:43.370504
222	Jerusalem Artichoke	2021-03-18 21:50:43.373803	2021-03-18 21:50:43.373803
223	Cauliflower	2021-03-18 21:50:43.377303	2021-03-18 21:50:43.377303
224	English Spinach	2021-03-18 21:50:43.380646	2021-03-18 21:50:43.380646
225	Nuts	2021-03-18 21:50:43.384068	2021-03-18 21:50:43.384068
226	Banana	2021-03-18 21:50:43.387467	2021-03-18 21:50:43.387467
227	Lobster	2021-03-18 21:50:43.391158	2021-03-18 21:50:43.391158
228	Spelt	2021-03-18 21:50:43.395664	2021-03-18 21:50:43.395664
229	Koshihikari Rice	2021-03-18 21:50:43.399015	2021-03-18 21:50:43.399015
230	Smoked Trout	2021-03-18 21:50:43.404081	2021-03-18 21:50:43.404081
231	Okra	2021-03-18 21:50:43.419908	2021-03-18 21:50:43.419908
232	Liver	2021-03-18 21:50:43.42315	2021-03-18 21:50:43.42315
233	Melon	2021-03-18 21:50:43.426477	2021-03-18 21:50:43.426477
234	Bamboo Shoots	2021-03-18 21:50:43.42979	2021-03-18 21:50:43.42979
235	Oregano	2021-03-18 21:50:43.43301	2021-03-18 21:50:43.43301
236	Onion	2021-03-18 21:50:43.436355	2021-03-18 21:50:43.436355
237	Yellowtail Kingfish	2021-03-18 21:50:43.439585	2021-03-18 21:50:43.439585
238	Peanuts	2021-03-18 21:50:43.442851	2021-03-18 21:50:43.442851
239	Tarragon	2021-03-18 21:50:43.44635	2021-03-18 21:50:43.44635
240	Coconut Oil	2021-03-18 21:50:43.45132	2021-03-18 21:50:43.45132
241	Asafoetida	2021-03-18 21:50:43.454905	2021-03-18 21:50:43.454905
242	Yellowtail Kingfish	2021-03-18 21:50:43.45827	2021-03-18 21:50:43.45827
243	Aniseed	2021-03-18 21:50:43.461502	2021-03-18 21:50:43.461502
244	Soymilk	2021-03-18 21:50:43.464697	2021-03-18 21:50:43.464697
245	Fruit	2021-03-18 21:50:43.468088	2021-03-18 21:50:43.468088
246	Apple Juice Concentrate	2021-03-18 21:50:43.471636	2021-03-18 21:50:43.471636
247	Rockmelon	2021-03-18 21:50:43.47524	2021-03-18 21:50:43.47524
248	Asafoetida	2021-03-18 21:50:43.478648	2021-03-18 21:50:43.478648
249	Tapioca	2021-03-18 21:50:43.481767	2021-03-18 21:50:43.481767
250	Beans	2021-03-18 21:50:43.486579	2021-03-18 21:50:43.486579
251	Sour Dough Bread	2021-03-18 21:50:43.490311	2021-03-18 21:50:43.490311
252	Basil Basmati Rice	2021-03-18 21:50:43.493683	2021-03-18 21:50:43.493683
253	Pumpkin Seed	2021-03-18 21:50:43.496911	2021-03-18 21:50:43.496911
254	Barley	2021-03-18 21:50:43.500106	2021-03-18 21:50:43.500106
255	Cardamom	2021-03-18 21:50:43.503349	2021-03-18 21:50:43.503349
256	Mackerel	2021-03-18 21:50:43.506638	2021-03-18 21:50:43.506638
257	Banana	2021-03-18 21:50:43.509894	2021-03-18 21:50:43.509894
258	Tomatoes	2021-03-18 21:50:43.513037	2021-03-18 21:50:43.513037
259	Monkfish	2021-03-18 21:50:43.516331	2021-03-18 21:50:43.516331
260	Green Beans	2021-03-18 21:50:43.521134	2021-03-18 21:50:43.521134
261	Curry Leaves	2021-03-18 21:50:43.524649	2021-03-18 21:50:43.524649
262	Cumin	2021-03-18 21:50:43.527996	2021-03-18 21:50:43.527996
263	Extra Virgin Olive Oil	2021-03-18 21:50:43.531364	2021-03-18 21:50:43.531364
264	Bread	2021-03-18 21:50:43.534814	2021-03-18 21:50:43.534814
265	Tangelo	2021-03-18 21:50:43.538429	2021-03-18 21:50:43.538429
266	Tofu	2021-03-18 21:50:43.541794	2021-03-18 21:50:43.541794
267	Pepitas	2021-03-18 21:50:43.545247	2021-03-18 21:50:43.545247
268	Coriander Seed	2021-03-18 21:50:43.548838	2021-03-18 21:50:43.548838
269	Rose Water	2021-03-18 21:50:43.552373	2021-03-18 21:50:43.552373
270	Fennel Seeds	2021-03-18 21:50:43.55744	2021-03-18 21:50:43.55744
271	Passionfruit	2021-03-18 21:50:43.560963	2021-03-18 21:50:43.560963
272	Figs	2021-03-18 21:50:43.564893	2021-03-18 21:50:43.564893
273	Honey	2021-03-18 21:50:43.568737	2021-03-18 21:50:43.568737
274	Avocado Spread	2021-03-18 21:50:43.572154	2021-03-18 21:50:43.572154
275	Sweet Potato	2021-03-18 21:50:43.57551	2021-03-18 21:50:43.57551
276	Porcini Mushrooms	2021-03-18 21:50:43.579009	2021-03-18 21:50:43.579009
277	Coriander Seed	2021-03-18 21:50:43.582301	2021-03-18 21:50:43.582301
278	Oysters	2021-03-18 21:50:43.585526	2021-03-18 21:50:43.585526
279	Farmed Prawns	2021-03-18 21:50:43.58883	2021-03-18 21:50:43.58883
280	Asafoetida	2021-03-18 21:50:43.593713	2021-03-18 21:50:43.593713
281	White Rice	2021-03-18 21:50:43.597444	2021-03-18 21:50:43.597444
282	Shiitake Mushrooms	2021-03-18 21:50:43.600701	2021-03-18 21:50:43.600701
283	Chia Seeds	2021-03-18 21:50:43.604007	2021-03-18 21:50:43.604007
284	Tapioca Flour	2021-03-18 21:50:43.607469	2021-03-18 21:50:43.607469
285	Curry Leaves	2021-03-18 21:50:43.610693	2021-03-18 21:50:43.610693
286	Elderberry	2021-03-18 21:50:43.613856	2021-03-18 21:50:43.613856
287	Beef Stock	2021-03-18 21:50:43.617131	2021-03-18 21:50:43.617131
288	Nashi Pear	2021-03-18 21:50:43.620386	2021-03-18 21:50:43.620386
289	Extra Virgin Olive Oil	2021-03-18 21:50:43.623597	2021-03-18 21:50:43.623597
290	Soy Milk	2021-03-18 21:50:43.628439	2021-03-18 21:50:43.628439
291	Bocconcini	2021-03-18 21:50:43.631963	2021-03-18 21:50:43.631963
292	Fish Stock	2021-03-18 21:50:43.635185	2021-03-18 21:50:43.635185
293	Macadamia Oil	2021-03-18 21:50:43.63847	2021-03-18 21:50:43.63847
294	Sweet Chilli Sauce	2021-03-18 21:50:43.641619	2021-03-18 21:50:43.641619
295	Olive Oil	2021-03-18 21:50:43.644737	2021-03-18 21:50:43.644737
296	Guava	2021-03-18 21:50:43.647966	2021-03-18 21:50:43.647966
297	Cos Lettuce	2021-03-18 21:50:43.65123	2021-03-18 21:50:43.65123
298	Rye	2021-03-18 21:50:43.654608	2021-03-18 21:50:43.654608
299	Rice Noodles	2021-03-18 21:50:43.657971	2021-03-18 21:50:43.657971
300	Juniper Berries	2021-03-18 21:50:43.662926	2021-03-18 21:50:43.662926
301	Mussels	2021-03-18 21:50:43.666559	2021-03-18 21:50:43.666559
302	Mullet	2021-03-18 21:50:43.669954	2021-03-18 21:50:43.669954
303	Mangosteens	2021-03-18 21:50:43.673222	2021-03-18 21:50:43.673222
304	Macadamia Nut	2021-03-18 21:50:43.676553	2021-03-18 21:50:43.676553
305	Crabs	2021-03-18 21:50:43.679928	2021-03-18 21:50:43.679928
306	Redfish	2021-03-18 21:50:43.683094	2021-03-18 21:50:43.683094
307	Oysters	2021-03-18 21:50:43.686547	2021-03-18 21:50:43.686547
308	Yeast	2021-03-18 21:50:43.689858	2021-03-18 21:50:43.689858
309	English Spinach	2021-03-18 21:50:43.693224	2021-03-18 21:50:43.693224
310	Green Pepper	2021-03-18 21:50:43.698453	2021-03-18 21:50:43.698453
311	Flaxseed	2021-03-18 21:50:43.702624	2021-03-18 21:50:43.702624
312	Broccoli	2021-03-18 21:50:43.706892	2021-03-18 21:50:43.706892
313	Star Anise	2021-03-18 21:50:43.710679	2021-03-18 21:50:43.710679
314	Buttermilk	2021-03-18 21:50:43.71419	2021-03-18 21:50:43.71419
315	Aubergine	2021-03-18 21:50:43.717469	2021-03-18 21:50:43.717469
316	Candle Nut	2021-03-18 21:50:43.720774	2021-03-18 21:50:43.720774
317	Spearmint	2021-03-18 21:50:43.723997	2021-03-18 21:50:43.723997
318	Lamb	2021-03-18 21:50:43.727269	2021-03-18 21:50:43.727269
319	Purple Rice	2021-03-18 21:50:43.730633	2021-03-18 21:50:43.730633
320	Common Cultivated Mushrooms	2021-03-18 21:50:43.735972	2021-03-18 21:50:43.735972
321	Spelt	2021-03-18 21:50:43.739575	2021-03-18 21:50:43.739575
322	Sweet Potato	2021-03-18 21:50:43.742705	2021-03-18 21:50:43.742705
323	Balsamic Vinegar	2021-03-18 21:50:43.746011	2021-03-18 21:50:43.746011
324	Goat Milk	2021-03-18 21:50:43.74924	2021-03-18 21:50:43.74924
325	Green Beans	2021-03-18 21:50:43.752437	2021-03-18 21:50:43.752437
326	Pine Nut	2021-03-18 21:50:43.755831	2021-03-18 21:50:43.755831
327	Yellowtail Kingfish	2021-03-18 21:50:43.759083	2021-03-18 21:50:43.759083
328	Horseradish	2021-03-18 21:50:43.762215	2021-03-18 21:50:43.762215
329	Nuts	2021-03-18 21:50:43.765437	2021-03-18 21:50:43.765437
330	Swordfish	2021-03-18 21:50:43.770336	2021-03-18 21:50:43.770336
331	Wholegrain Bread	2021-03-18 21:50:43.773861	2021-03-18 21:50:43.773861
332	Wheat	2021-03-18 21:50:43.777171	2021-03-18 21:50:43.777171
333	Rice Paper	2021-03-18 21:50:43.780601	2021-03-18 21:50:43.780601
334	Fennel	2021-03-18 21:50:43.783861	2021-03-18 21:50:43.783861
335	Turkey	2021-03-18 21:50:43.787289	2021-03-18 21:50:43.787289
336	Pasta	2021-03-18 21:50:43.790541	2021-03-18 21:50:43.790541
337	Strawberries	2021-03-18 21:50:43.793706	2021-03-18 21:50:43.793706
338	Curry Powder	2021-03-18 21:50:43.797076	2021-03-18 21:50:43.797076
339	Saffron	2021-03-18 21:50:43.800394	2021-03-18 21:50:43.800394
340	Tapioca	2021-03-18 21:50:43.805131	2021-03-18 21:50:43.805131
341	Red Lentils	2021-03-18 21:50:43.808718	2021-03-18 21:50:43.808718
342	Raisin	2021-03-18 21:50:43.81199	2021-03-18 21:50:43.81199
343	Tofu	2021-03-18 21:50:43.815411	2021-03-18 21:50:43.815411
344	Turmeric	2021-03-18 21:50:43.818576	2021-03-18 21:50:43.818576
345	Turkey	2021-03-18 21:50:43.821738	2021-03-18 21:50:43.821738
346	Curry Powder	2021-03-18 21:50:43.825087	2021-03-18 21:50:43.825087
347	Pineapple	2021-03-18 21:50:43.828487	2021-03-18 21:50:43.828487
348	Buckwheat Noodles	2021-03-18 21:50:43.831686	2021-03-18 21:50:43.831686
349	Barramundi	2021-03-18 21:50:43.834946	2021-03-18 21:50:43.834946
350	French Eschallots	2021-03-18 21:50:43.839879	2021-03-18 21:50:43.839879
351	Koshihikari Rice	2021-03-18 21:50:43.843682	2021-03-18 21:50:43.843682
352	Buttermilk	2021-03-18 21:50:43.84718	2021-03-18 21:50:43.84718
353	Passionfruit	2021-03-18 21:50:43.850318	2021-03-18 21:50:43.850318
354	Harissa	2021-03-18 21:50:43.86339	2021-03-18 21:50:43.86339
355	Feijoa	2021-03-18 21:50:43.866735	2021-03-18 21:50:43.866735
356	Oatmeal	2021-03-18 21:50:43.87009	2021-03-18 21:50:43.87009
357	Cardamom	2021-03-18 21:50:43.873345	2021-03-18 21:50:43.873345
358	Kohlrabi	2021-03-18 21:50:43.876663	2021-03-18 21:50:43.876663
359	Fish Stock	2021-03-18 21:50:43.879878	2021-03-18 21:50:43.879878
360	Gula Melaka	2021-03-18 21:50:43.884702	2021-03-18 21:50:43.884702
361	Corn Syrup	2021-03-18 21:50:43.888504	2021-03-18 21:50:43.888504
362	Goji Berry	2021-03-18 21:50:43.891692	2021-03-18 21:50:43.891692
363	Smoked Trout	2021-03-18 21:50:43.894877	2021-03-18 21:50:43.894877
364	Tempeh	2021-03-18 21:50:43.898145	2021-03-18 21:50:43.898145
365	Coriander Seed	2021-03-18 21:50:43.901401	2021-03-18 21:50:43.901401
366	Mastic	2021-03-18 21:50:43.904814	2021-03-18 21:50:43.904814
367	Kenchur	2021-03-18 21:50:43.908457	2021-03-18 21:50:43.908457
368	Butter Beans	2021-03-18 21:50:43.911692	2021-03-18 21:50:43.911692
369	Taleggio Cheese	2021-03-18 21:50:43.915057	2021-03-18 21:50:43.915057
370	Pears	2021-03-18 21:50:43.920302	2021-03-18 21:50:43.920302
371	Mahlab	2021-03-18 21:50:43.924207	2021-03-18 21:50:43.924207
372	Dragonfruit	2021-03-18 21:50:43.927634	2021-03-18 21:50:43.927634
373	Chickory	2021-03-18 21:50:43.930907	2021-03-18 21:50:43.930907
374	Maple Syrup	2021-03-18 21:50:43.934418	2021-03-18 21:50:43.934418
375	Bacon	2021-03-18 21:50:43.937776	2021-03-18 21:50:43.937776
376	Milk	2021-03-18 21:50:43.940901	2021-03-18 21:50:43.940901
377	Apples	2021-03-18 21:50:43.944142	2021-03-18 21:50:43.944142
378	Mahlab	2021-03-18 21:50:43.947608	2021-03-18 21:50:43.947608
379	Tuna	2021-03-18 21:50:43.950775	2021-03-18 21:50:43.950775
380	Pineapple	2021-03-18 21:50:43.955558	2021-03-18 21:50:43.955558
381	Crabs	2021-03-18 21:50:43.959126	2021-03-18 21:50:43.959126
382	Blueberries	2021-03-18 21:50:43.962497	2021-03-18 21:50:43.962497
383	Capsicum	2021-03-18 21:50:43.965907	2021-03-18 21:50:43.965907
384	Figs	2021-03-18 21:50:43.969139	2021-03-18 21:50:43.969139
385	Porcini Mushrooms	2021-03-18 21:50:43.972317	2021-03-18 21:50:43.972317
386	Flathead	2021-03-18 21:50:43.975941	2021-03-18 21:50:43.975941
387	Watercress	2021-03-18 21:50:43.979571	2021-03-18 21:50:43.979571
388	Chives	2021-03-18 21:50:43.982686	2021-03-18 21:50:43.982686
389	Arugula	2021-03-18 21:50:43.986026	2021-03-18 21:50:43.986026
390	Barberry	2021-03-18 21:50:43.990961	2021-03-18 21:50:43.990961
391	Bean Shoots	2021-03-18 21:50:43.994692	2021-03-18 21:50:43.994692
392	Goat Cheese	2021-03-18 21:50:43.998075	2021-03-18 21:50:43.998075
393	Licorice	2021-03-18 21:50:44.001249	2021-03-18 21:50:44.001249
394	Oyster Mushrooms	2021-03-18 21:50:44.004684	2021-03-18 21:50:44.004684
395	Peaches	2021-03-18 21:50:44.00823	2021-03-18 21:50:44.00823
396	Celery Seed	2021-03-18 21:50:44.011407	2021-03-18 21:50:44.011407
397	Buckwheat	2021-03-18 21:50:44.014695	2021-03-18 21:50:44.014695
398	Tahini	2021-03-18 21:50:44.017995	2021-03-18 21:50:44.017995
399	Brie	2021-03-18 21:50:44.021323	2021-03-18 21:50:44.021323
400	Mustard Seed	2021-03-18 21:50:44.026293	2021-03-18 21:50:44.026293
401	Beetroot	2021-03-18 21:50:44.029739	2021-03-18 21:50:44.029739
402	Chilli Pepper	2021-03-18 21:50:44.032851	2021-03-18 21:50:44.032851
403	Olive Oil	2021-03-18 21:50:44.036411	2021-03-18 21:50:44.036411
404	Wasabi	2021-03-18 21:50:44.040002	2021-03-18 21:50:44.040002
405	Nasturtium	2021-03-18 21:50:44.043349	2021-03-18 21:50:44.043349
406	Buttermilk	2021-03-18 21:50:44.046625	2021-03-18 21:50:44.046625
407	Spring Onions	2021-03-18 21:50:44.049845	2021-03-18 21:50:44.049845
408	Blueberries	2021-03-18 21:50:44.053045	2021-03-18 21:50:44.053045
409	Lobster	2021-03-18 21:50:44.057106	2021-03-18 21:50:44.057106
410	Strawberries	2021-03-18 21:50:44.061847	2021-03-18 21:50:44.061847
411	Besan	2021-03-18 21:50:44.066307	2021-03-18 21:50:44.066307
412	Nasturtium	2021-03-18 21:50:44.069768	2021-03-18 21:50:44.069768
413	Butter Beans	2021-03-18 21:50:44.072955	2021-03-18 21:50:44.072955
414	Mustard	2021-03-18 21:50:44.076464	2021-03-18 21:50:44.076464
415	Parmesan Cheese	2021-03-18 21:50:44.079933	2021-03-18 21:50:44.079933
416	Nuts	2021-03-18 21:50:44.083142	2021-03-18 21:50:44.083142
417	Guava	2021-03-18 21:50:44.086999	2021-03-18 21:50:44.086999
418	Mung Beans	2021-03-18 21:50:44.090294	2021-03-18 21:50:44.090294
419	Hummus	2021-03-18 21:50:44.093535	2021-03-18 21:50:44.093535
420	Jarrahdale Pumpkin	2021-03-18 21:50:44.098705	2021-03-18 21:50:44.098705
421	Tea	2021-03-18 21:50:44.102139	2021-03-18 21:50:44.102139
422	Annatto Seed	2021-03-18 21:50:44.105609	2021-03-18 21:50:44.105609
423	Yeast	2021-03-18 21:50:44.108918	2021-03-18 21:50:44.108918
424	Tapioca	2021-03-18 21:50:44.112917	2021-03-18 21:50:44.112917
425	Spelt Bread	2021-03-18 21:50:44.11635	2021-03-18 21:50:44.11635
426	Sultanas	2021-03-18 21:50:44.119602	2021-03-18 21:50:44.119602
427	Chilli Pepper	2021-03-18 21:50:44.122713	2021-03-18 21:50:44.122713
428	Asafoetida	2021-03-18 21:50:44.126752	2021-03-18 21:50:44.126752
429	Pepitas	2021-03-18 21:50:44.130225	2021-03-18 21:50:44.130225
430	Iceberg Lettuce	2021-03-18 21:50:44.135307	2021-03-18 21:50:44.135307
431	Mangosteens	2021-03-18 21:50:44.139006	2021-03-18 21:50:44.139006
432	Mango	2021-03-18 21:50:44.142188	2021-03-18 21:50:44.142188
433	Parsnip	2021-03-18 21:50:44.145659	2021-03-18 21:50:44.145659
434	Carob Carrot	2021-03-18 21:50:44.149137	2021-03-18 21:50:44.149137
435	Vegetable Oil	2021-03-18 21:50:44.152455	2021-03-18 21:50:44.152455
436	Jerusalem Artichoke	2021-03-18 21:50:44.155904	2021-03-18 21:50:44.155904
437	Sun Dried Tomatoes	2021-03-18 21:50:44.159168	2021-03-18 21:50:44.159168
438	Beef Stock	2021-03-18 21:50:44.162326	2021-03-18 21:50:44.162326
439	Flaxseed	2021-03-18 21:50:44.165889	2021-03-18 21:50:44.165889
440	Anchovies	2021-03-18 21:50:44.170833	2021-03-18 21:50:44.170833
441	Wasabi	2021-03-18 21:50:44.174725	2021-03-18 21:50:44.174725
442	Milk Chocolate	2021-03-18 21:50:44.178253	2021-03-18 21:50:44.178253
443	Capers	2021-03-18 21:50:44.181532	2021-03-18 21:50:44.181532
444	Parsley	2021-03-18 21:50:44.184869	2021-03-18 21:50:44.184869
445	Tinned	2021-03-18 21:50:44.188173	2021-03-18 21:50:44.188173
446	Soy	2021-03-18 21:50:44.191619	2021-03-18 21:50:44.191619
447	Rockmelon	2021-03-18 21:50:44.194874	2021-03-18 21:50:44.194874
448	Persimmon	2021-03-18 21:50:44.198374	2021-03-18 21:50:44.198374
449	Slivered Almonds	2021-03-18 21:50:44.201686	2021-03-18 21:50:44.201686
450	Margarine	2021-03-18 21:50:44.20677	2021-03-18 21:50:44.20677
451	Currants	2021-03-18 21:50:44.21053	2021-03-18 21:50:44.21053
452	Apple Juice	2021-03-18 21:50:44.213772	2021-03-18 21:50:44.213772
453	Margarine	2021-03-18 21:50:44.217205	2021-03-18 21:50:44.217205
454	Hokkien Noodles	2021-03-18 21:50:44.220432	2021-03-18 21:50:44.220432
455	Blueberries	2021-03-18 21:50:44.223679	2021-03-18 21:50:44.223679
456	Licorice	2021-03-18 21:50:44.227014	2021-03-18 21:50:44.227014
457	Flat Mushrooms	2021-03-18 21:50:44.230243	2021-03-18 21:50:44.230243
458	Miso	2021-03-18 21:50:44.233416	2021-03-18 21:50:44.233416
459	Bok Choy	2021-03-18 21:50:44.236765	2021-03-18 21:50:44.236765
460	Yoghurt	2021-03-18 21:50:44.241657	2021-03-18 21:50:44.241657
461	Buckwheat Flour	2021-03-18 21:50:44.2453	2021-03-18 21:50:44.2453
462	Plums	2021-03-18 21:50:44.248609	2021-03-18 21:50:44.248609
463	Swordfish	2021-03-18 21:50:44.251755	2021-03-18 21:50:44.251755
464	Cake	2021-03-18 21:50:44.255037	2021-03-18 21:50:44.255037
465	Dragonfruit	2021-03-18 21:50:44.258386	2021-03-18 21:50:44.258386
466	Silverbeet	2021-03-18 21:50:44.26178	2021-03-18 21:50:44.26178
467	Poppy Seed	2021-03-18 21:50:44.265239	2021-03-18 21:50:44.265239
468	Tahini	2021-03-18 21:50:44.268443	2021-03-18 21:50:44.268443
469	Lentils	2021-03-18 21:50:44.271781	2021-03-18 21:50:44.271781
470	Jerusalem Artichoke	2021-03-18 21:50:44.276818	2021-03-18 21:50:44.276818
471	Ham	2021-03-18 21:50:44.28047	2021-03-18 21:50:44.28047
472	Vermicelli Noodles	2021-03-18 21:50:44.283723	2021-03-18 21:50:44.283723
473	Cornmeal	2021-03-18 21:50:44.287102	2021-03-18 21:50:44.287102
474	Mace	2021-03-18 21:50:44.290379	2021-03-18 21:50:44.290379
475	Fromage Blanc	2021-03-18 21:50:44.29377	2021-03-18 21:50:44.29377
476	Strawberries	2021-03-18 21:50:44.29708	2021-03-18 21:50:44.29708
477	Annatto Seed	2021-03-18 21:50:44.310324	2021-03-18 21:50:44.310324
478	Cassia Bark	2021-03-18 21:50:44.314249	2021-03-18 21:50:44.314249
479	Brie	2021-03-18 21:50:44.317948	2021-03-18 21:50:44.317948
480	Taleggio Cheese	2021-03-18 21:50:44.323275	2021-03-18 21:50:44.323275
481	Sweet Chilli Sauce	2021-03-18 21:50:44.326928	2021-03-18 21:50:44.326928
482	Rice Syrup	2021-03-18 21:50:44.330346	2021-03-18 21:50:44.330346
483	Blackberries	2021-03-18 21:50:44.333481	2021-03-18 21:50:44.333481
484	Raspberry	2021-03-18 21:50:44.336838	2021-03-18 21:50:44.336838
485	Amaranth	2021-03-18 21:50:44.339926	2021-03-18 21:50:44.339926
486	Sour Dough Bread	2021-03-18 21:50:44.343028	2021-03-18 21:50:44.343028
487	Cannellini Beans	2021-03-18 21:50:44.346343	2021-03-18 21:50:44.346343
488	Custard Apples	2021-03-18 21:50:44.349635	2021-03-18 21:50:44.349635
489	Cos Lettuce	2021-03-18 21:50:44.352793	2021-03-18 21:50:44.352793
490	Choy Sum	2021-03-18 21:50:44.357651	2021-03-18 21:50:44.357651
491	Freekeh	2021-03-18 21:50:44.361348	2021-03-18 21:50:44.361348
492	Olive Oil	2021-03-18 21:50:44.364766	2021-03-18 21:50:44.364766
493	Jewfish	2021-03-18 21:50:44.368127	2021-03-18 21:50:44.368127
494	Wholegrain Bread	2021-03-18 21:50:44.371241	2021-03-18 21:50:44.371241
495	Scallops	2021-03-18 21:50:44.374553	2021-03-18 21:50:44.374553
496	Mulberries	2021-03-18 21:50:44.378008	2021-03-18 21:50:44.378008
497	Passionfruit	2021-03-18 21:50:44.381139	2021-03-18 21:50:44.381139
498	Mace	2021-03-18 21:50:44.384395	2021-03-18 21:50:44.384395
499	Bean Shoots	2021-03-18 21:50:44.387714	2021-03-18 21:50:44.387714
500	Molasses	2021-03-18 21:50:44.392614	2021-03-18 21:50:44.392614
501	Hokkien Noodles	2021-03-18 21:50:44.396399	2021-03-18 21:50:44.396399
502	Nori	2021-03-18 21:50:44.399632	2021-03-18 21:50:44.399632
503	Turnips	2021-03-18 21:50:44.402915	2021-03-18 21:50:44.402915
504	English Spinach	2021-03-18 21:50:44.406208	2021-03-18 21:50:44.406208
505	Chives	2021-03-18 21:50:44.409478	2021-03-18 21:50:44.409478
506	White Bread	2021-03-18 21:50:44.412653	2021-03-18 21:50:44.412653
507	Cumquat	2021-03-18 21:50:44.415955	2021-03-18 21:50:44.415955
508	Iceberg Lettuce	2021-03-18 21:50:44.419192	2021-03-18 21:50:44.419192
509	Blood Oranges	2021-03-18 21:50:44.422394	2021-03-18 21:50:44.422394
510	Turkey	2021-03-18 21:50:44.427412	2021-03-18 21:50:44.427412
511	Pecan Nut	2021-03-18 21:50:44.43083	2021-03-18 21:50:44.43083
512	Crabs	2021-03-18 21:50:44.434342	2021-03-18 21:50:44.434342
513	Coconut	2021-03-18 21:50:44.437812	2021-03-18 21:50:44.437812
514	Cassia Bark	2021-03-18 21:50:44.4409	2021-03-18 21:50:44.4409
515	Rice Flour	2021-03-18 21:50:44.444138	2021-03-18 21:50:44.444138
516	Peppers	2021-03-18 21:50:44.447508	2021-03-18 21:50:44.447508
517	Edamame	2021-03-18 21:50:44.450961	2021-03-18 21:50:44.450961
518	Besan	2021-03-18 21:50:44.454754	2021-03-18 21:50:44.454754
519	Fennel	2021-03-18 21:50:44.458277	2021-03-18 21:50:44.458277
520	Pistachio Nut	2021-03-18 21:50:44.462993	2021-03-18 21:50:44.462993
521	Saffron	2021-03-18 21:50:44.466733	2021-03-18 21:50:44.466733
522	Chives	2021-03-18 21:50:44.470155	2021-03-18 21:50:44.470155
523	Cloves	2021-03-18 21:50:44.473343	2021-03-18 21:50:44.473343
524	Achacha	2021-03-18 21:50:44.476637	2021-03-18 21:50:44.476637
525	File Powder	2021-03-18 21:50:44.480007	2021-03-18 21:50:44.480007
526	Parrotfish	2021-03-18 21:50:44.483351	2021-03-18 21:50:44.483351
527	Pomegranate	2021-03-18 21:50:44.486893	2021-03-18 21:50:44.486893
528	Silverbeet	2021-03-18 21:50:44.490072	2021-03-18 21:50:44.490072
529	Bamboo Shoots	2021-03-18 21:50:44.493238	2021-03-18 21:50:44.493238
530	Ricemilk	2021-03-18 21:50:44.498436	2021-03-18 21:50:44.498436
531	Corn Syrup	2021-03-18 21:50:44.501925	2021-03-18 21:50:44.501925
532	Cake	2021-03-18 21:50:44.505291	2021-03-18 21:50:44.505291
533	Rice Flour	2021-03-18 21:50:44.508875	2021-03-18 21:50:44.508875
534	Tapioca Flour	2021-03-18 21:50:44.512271	2021-03-18 21:50:44.512271
535	Asian Noodles	2021-03-18 21:50:44.515656	2021-03-18 21:50:44.515656
536	Arrowroot	2021-03-18 21:50:44.518894	2021-03-18 21:50:44.518894
537	Unbleached Flour	2021-03-18 21:50:44.522124	2021-03-18 21:50:44.522124
538	Albacore Tuna	2021-03-18 21:50:44.525639	2021-03-18 21:50:44.525639
539	Onion	2021-03-18 21:50:44.528969	2021-03-18 21:50:44.528969
540	Dragonfruit	2021-03-18 21:50:44.533719	2021-03-18 21:50:44.533719
541	Hazelnut	2021-03-18 21:50:44.537398	2021-03-18 21:50:44.537398
542	Apple Juice	2021-03-18 21:50:44.540778	2021-03-18 21:50:44.540778
543	Sardines	2021-03-18 21:50:44.544088	2021-03-18 21:50:44.544088
544	Chives	2021-03-18 21:50:44.547698	2021-03-18 21:50:44.547698
545	Sweet Potato	2021-03-18 21:50:44.550892	2021-03-18 21:50:44.550892
546	Brown Rice	2021-03-18 21:50:44.554521	2021-03-18 21:50:44.554521
547	Gruyere	2021-03-18 21:50:44.558079	2021-03-18 21:50:44.558079
548	Leeks	2021-03-18 21:50:44.561253	2021-03-18 21:50:44.561253
549	Milk Chocolate	2021-03-18 21:50:44.564594	2021-03-18 21:50:44.564594
550	Figs	2021-03-18 21:50:44.569635	2021-03-18 21:50:44.569635
551	Squid	2021-03-18 21:50:44.573414	2021-03-18 21:50:44.573414
552	Apple Juice	2021-03-18 21:50:44.576873	2021-03-18 21:50:44.576873
553	Sardines	2021-03-18 21:50:44.580147	2021-03-18 21:50:44.580147
554	Vinegar	2021-03-18 21:50:44.584021	2021-03-18 21:50:44.584021
555	Eggplant	2021-03-18 21:50:44.587972	2021-03-18 21:50:44.587972
556	Onion	2021-03-18 21:50:44.591945	2021-03-18 21:50:44.591945
557	Salmon	2021-03-18 21:50:44.595469	2021-03-18 21:50:44.595469
558	Oranges	2021-03-18 21:50:44.598862	2021-03-18 21:50:44.598862
559	Apple Juice	2021-03-18 21:50:44.602416	2021-03-18 21:50:44.602416
560	Jerusalem Artichoke	2021-03-18 21:50:44.607583	2021-03-18 21:50:44.607583
561	Feijoa	2021-03-18 21:50:44.61103	2021-03-18 21:50:44.61103
562	Juniper Berries	2021-03-18 21:50:44.614214	2021-03-18 21:50:44.614214
563	Cornichons	2021-03-18 21:50:44.61761	2021-03-18 21:50:44.61761
564	Flathead	2021-03-18 21:50:44.620814	2021-03-18 21:50:44.620814
565	Brown Mushrooms	2021-03-18 21:50:44.62407	2021-03-18 21:50:44.62407
566	Garlic	2021-03-18 21:50:44.627406	2021-03-18 21:50:44.627406
567	Kecap Manis	2021-03-18 21:50:44.630809	2021-03-18 21:50:44.630809
568	Rye Bread	2021-03-18 21:50:44.634146	2021-03-18 21:50:44.634146
569	Soy Sauce	2021-03-18 21:50:44.637639	2021-03-18 21:50:44.637639
570	Strawberries	2021-03-18 21:50:44.642395	2021-03-18 21:50:44.642395
571	Cashews	2021-03-18 21:50:44.646658	2021-03-18 21:50:44.646658
572	Edamame	2021-03-18 21:50:44.650299	2021-03-18 21:50:44.650299
573	Camellia Tea Oil	2021-03-18 21:50:44.653474	2021-03-18 21:50:44.653474
574	Rice Syrup	2021-03-18 21:50:44.656849	2021-03-18 21:50:44.656849
575	Plums	2021-03-18 21:50:44.660634	2021-03-18 21:50:44.660634
576	Kidneys	2021-03-18 21:50:44.665097	2021-03-18 21:50:44.665097
577	Saffron	2021-03-18 21:50:44.668811	2021-03-18 21:50:44.668811
578	Hummus	2021-03-18 21:50:44.672074	2021-03-18 21:50:44.672074
579	Caraway Seed	2021-03-18 21:50:44.675585	2021-03-18 21:50:44.675585
580	Tempeh	2021-03-18 21:50:44.680724	2021-03-18 21:50:44.680724
581	Lettuce	2021-03-18 21:50:44.684321	2021-03-18 21:50:44.684321
582	Tapioca Flour	2021-03-18 21:50:44.687785	2021-03-18 21:50:44.687785
583	Soy Milk	2021-03-18 21:50:44.69167	2021-03-18 21:50:44.69167
584	Banana	2021-03-18 21:50:44.695059	2021-03-18 21:50:44.695059
585	Spinach	2021-03-18 21:50:44.69903	2021-03-18 21:50:44.69903
586	Parsnip	2021-03-18 21:50:44.702403	2021-03-18 21:50:44.702403
587	Melon	2021-03-18 21:50:44.706433	2021-03-18 21:50:44.706433
588	Vegetable Stock	2021-03-18 21:50:44.709986	2021-03-18 21:50:44.709986
589	Cream	2021-03-18 21:50:44.71313	2021-03-18 21:50:44.71313
590	Red Wine Vinegar	2021-03-18 21:50:44.718255	2021-03-18 21:50:44.718255
591	Baking Powder	2021-03-18 21:50:44.722081	2021-03-18 21:50:44.722081
592	Eggplant	2021-03-18 21:50:44.725408	2021-03-18 21:50:44.725408
593	Porcini Mushrooms	2021-03-18 21:50:44.728705	2021-03-18 21:50:44.728705
594	Stevia	2021-03-18 21:50:44.732092	2021-03-18 21:50:44.732092
595	Coconut	2021-03-18 21:50:44.73553	2021-03-18 21:50:44.73553
596	Tamari	2021-03-18 21:50:44.739037	2021-03-18 21:50:44.739037
597	Feijoa	2021-03-18 21:50:44.742292	2021-03-18 21:50:44.742292
598	Mace	2021-03-18 21:50:44.74565	2021-03-18 21:50:44.74565
599	Kiwi Fruit	2021-03-18 21:50:44.758854	2021-03-18 21:50:44.758854
600	Dill	2021-03-18 21:50:44.763883	2021-03-18 21:50:44.763883
601	Mountain Bread	2021-03-18 21:50:44.767696	2021-03-18 21:50:44.767696
602	Omega Spread	2021-03-18 21:50:44.770875	2021-03-18 21:50:44.770875
603	Cassia Bark	2021-03-18 21:50:44.774262	2021-03-18 21:50:44.774262
604	Mandarins	2021-03-18 21:50:44.777662	2021-03-18 21:50:44.777662
605	Vinegar	2021-03-18 21:50:44.780825	2021-03-18 21:50:44.780825
606	Pear Juice	2021-03-18 21:50:44.784045	2021-03-18 21:50:44.784045
607	Red Wine	2021-03-18 21:50:44.787505	2021-03-18 21:50:44.787505
608	Tomatoes	2021-03-18 21:50:44.791264	2021-03-18 21:50:44.791264
609	Pumpkin	2021-03-18 21:50:44.795128	2021-03-18 21:50:44.795128
610	Nutritional Yeast	2021-03-18 21:50:44.800072	2021-03-18 21:50:44.800072
611	Oregano	2021-03-18 21:50:44.803584	2021-03-18 21:50:44.803584
612	Corn Oil	2021-03-18 21:50:44.807103	2021-03-18 21:50:44.807103
613	Soy Beans	2021-03-18 21:50:44.810412	2021-03-18 21:50:44.810412
614	Melon	2021-03-18 21:50:44.813595	2021-03-18 21:50:44.813595
615	Morwong	2021-03-18 21:50:44.816978	2021-03-18 21:50:44.816978
616	Chickory	2021-03-18 21:50:44.82022	2021-03-18 21:50:44.82022
617	Cream Cheese	2021-03-18 21:50:44.823492	2021-03-18 21:50:44.823492
618	Coriander Leaves	2021-03-18 21:50:44.82707	2021-03-18 21:50:44.82707
619	Mint	2021-03-18 21:50:44.830381	2021-03-18 21:50:44.830381
620	Camomile	2021-03-18 21:50:44.835275	2021-03-18 21:50:44.835275
621	Custard Apples	2021-03-18 21:50:44.838921	2021-03-18 21:50:44.838921
622	Adzuki Beans	2021-03-18 21:50:44.842105	2021-03-18 21:50:44.842105
623	Cavalo	2021-03-18 21:50:44.845412	2021-03-18 21:50:44.845412
624	Balsamic Vinegar	2021-03-18 21:50:44.848719	2021-03-18 21:50:44.848719
625	Peaches	2021-03-18 21:50:44.852018	2021-03-18 21:50:44.852018
626	Octopus	2021-03-18 21:50:44.855366	2021-03-18 21:50:44.855366
627	Edam	2021-03-18 21:50:44.858627	2021-03-18 21:50:44.858627
628	Common Cultivated Mushrooms	2021-03-18 21:50:44.861776	2021-03-18 21:50:44.861776
629	Cous Cous	2021-03-18 21:50:44.865044	2021-03-18 21:50:44.865044
630	Peanuts	2021-03-18 21:50:44.86997	2021-03-18 21:50:44.86997
631	Miso	2021-03-18 21:50:44.8734	2021-03-18 21:50:44.8734
632	Octopus	2021-03-18 21:50:44.876826	2021-03-18 21:50:44.876826
633	Jicama	2021-03-18 21:50:44.880107	2021-03-18 21:50:44.880107
634	Green Pepper	2021-03-18 21:50:44.883283	2021-03-18 21:50:44.883283
635	Cous Cous	2021-03-18 21:50:44.887072	2021-03-18 21:50:44.887072
636	Kidneys	2021-03-18 21:50:44.890545	2021-03-18 21:50:44.890545
637	Iceberg Lettuce	2021-03-18 21:50:44.89388	2021-03-18 21:50:44.89388
638	Kokam	2021-03-18 21:50:44.897356	2021-03-18 21:50:44.897356
639	Ajowan Seed	2021-03-18 21:50:44.900664	2021-03-18 21:50:44.900664
640	Cheddar	2021-03-18 21:50:44.905658	2021-03-18 21:50:44.905658
641	Asian Greens	2021-03-18 21:50:44.909423	2021-03-18 21:50:44.909423
642	Lavender Flowers	2021-03-18 21:50:44.912633	2021-03-18 21:50:44.912633
643	Vegetable Stock	2021-03-18 21:50:44.916421	2021-03-18 21:50:44.916421
644	Endive	2021-03-18 21:50:44.919554	2021-03-18 21:50:44.919554
645	Sesame Oil	2021-03-18 21:50:44.922554	2021-03-18 21:50:44.922554
646	Brussels Sprouts	2021-03-18 21:50:44.925643	2021-03-18 21:50:44.925643
647	Mustard	2021-03-18 21:50:44.929257	2021-03-18 21:50:44.929257
648	Warehou	2021-03-18 21:50:44.932423	2021-03-18 21:50:44.932423
649	Buckwheat Flour	2021-03-18 21:50:44.935773	2021-03-18 21:50:44.935773
650	Flounder	2021-03-18 21:50:44.940657	2021-03-18 21:50:44.940657
651	Brie	2021-03-18 21:50:44.944212	2021-03-18 21:50:44.944212
652	Sunflower Oil	2021-03-18 21:50:44.947722	2021-03-18 21:50:44.947722
653	Carrot	2021-03-18 21:50:44.950865	2021-03-18 21:50:44.950865
654	Coconut Oil	2021-03-18 21:50:44.954112	2021-03-18 21:50:44.954112
655	Nori	2021-03-18 21:50:44.957512	2021-03-18 21:50:44.957512
656	Alfalfa	2021-03-18 21:50:44.960764	2021-03-18 21:50:44.960764
657	Vegetable Spaghetti	2021-03-18 21:50:44.963983	2021-03-18 21:50:44.963983
658	Apples	2021-03-18 21:50:44.967321	2021-03-18 21:50:44.967321
659	Bacon	2021-03-18 21:50:44.970757	2021-03-18 21:50:44.970757
660	Broccolini	2021-03-18 21:50:44.975736	2021-03-18 21:50:44.975736
661	Water	2021-03-18 21:50:44.97943	2021-03-18 21:50:44.97943
662	Miso	2021-03-18 21:50:44.982678	2021-03-18 21:50:44.982678
663	Flounder	2021-03-18 21:50:44.98613	2021-03-18 21:50:44.98613
664	Oats	2021-03-18 21:50:44.989502	2021-03-18 21:50:44.989502
665	Corn Tortilla	2021-03-18 21:50:44.992653	2021-03-18 21:50:44.992653
666	Fruit	2021-03-18 21:50:44.996031	2021-03-18 21:50:44.996031
667	Szechuan Pepperberry	2021-03-18 21:50:44.999416	2021-03-18 21:50:44.999416
668	Almond Oil	2021-03-18 21:50:45.002689	2021-03-18 21:50:45.002689
669	Cauliflower	2021-03-18 21:50:45.006108	2021-03-18 21:50:45.006108
670	Bulghur	2021-03-18 21:50:45.010896	2021-03-18 21:50:45.010896
671	Baking Powder	2021-03-18 21:50:45.014522	2021-03-18 21:50:45.014522
672	Apples	2021-03-18 21:50:45.017889	2021-03-18 21:50:45.017889
673	Peanuts	2021-03-18 21:50:45.021049	2021-03-18 21:50:45.021049
674	Clams	2021-03-18 21:50:45.024324	2021-03-18 21:50:45.024324
675	Pear	2021-03-18 21:50:45.027712	2021-03-18 21:50:45.027712
676	Swiss Chard	2021-03-18 21:50:45.03109	2021-03-18 21:50:45.03109
677	Kombu	2021-03-18 21:50:45.03472	2021-03-18 21:50:45.03472
678	Endive	2021-03-18 21:50:45.038292	2021-03-18 21:50:45.038292
679	Cavalo	2021-03-18 21:50:45.041516	2021-03-18 21:50:45.041516
680	Redfish	2021-03-18 21:50:45.046464	2021-03-18 21:50:45.046464
681	Cos Lettuce	2021-03-18 21:50:45.05007	2021-03-18 21:50:45.05007
682	Cranberry	2021-03-18 21:50:45.053259	2021-03-18 21:50:45.053259
683	Spring Onions	2021-03-18 21:50:45.056697	2021-03-18 21:50:45.056697
684	Tabasco	2021-03-18 21:50:45.060029	2021-03-18 21:50:45.060029
685	Goat Milk	2021-03-18 21:50:45.063286	2021-03-18 21:50:45.063286
686	Garlic	2021-03-18 21:50:45.067075	2021-03-18 21:50:45.067075
687	Peanuts	2021-03-18 21:50:45.070583	2021-03-18 21:50:45.070583
688	Barramundi	2021-03-18 21:50:45.074249	2021-03-18 21:50:45.074249
689	Ajowan Seed	2021-03-18 21:50:45.077773	2021-03-18 21:50:45.077773
690	Garam Masala	2021-03-18 21:50:45.082711	2021-03-18 21:50:45.082711
691	Curry Powder	2021-03-18 21:50:45.086386	2021-03-18 21:50:45.086386
692	Sunflower Oil	2021-03-18 21:50:45.089734	2021-03-18 21:50:45.089734
693	Milk	2021-03-18 21:50:45.092986	2021-03-18 21:50:45.092986
694	Calamari	2021-03-18 21:50:45.096524	2021-03-18 21:50:45.096524
695	Mandarins	2021-03-18 21:50:45.099733	2021-03-18 21:50:45.099733
696	Kumera	2021-03-18 21:50:45.102998	2021-03-18 21:50:45.102998
697	Marigold	2021-03-18 21:50:45.106436	2021-03-18 21:50:45.106436
698	Ajowan Seed	2021-03-18 21:50:45.109785	2021-03-18 21:50:45.109785
699	Squid	2021-03-18 21:50:45.112932	2021-03-18 21:50:45.112932
700	Kiwi Fruit	2021-03-18 21:50:45.118006	2021-03-18 21:50:45.118006
701	Butter	2021-03-18 21:50:45.12177	2021-03-18 21:50:45.12177
702	Enoki Mushrooms	2021-03-18 21:50:45.125294	2021-03-18 21:50:45.125294
703	Soy Beans	2021-03-18 21:50:45.128593	2021-03-18 21:50:45.128593
704	Eggplant	2021-03-18 21:50:45.131741	2021-03-18 21:50:45.131741
705	Cumquat	2021-03-18 21:50:45.135046	2021-03-18 21:50:45.135046
706	Peppercorns	2021-03-18 21:50:45.138498	2021-03-18 21:50:45.138498
707	Pinto Beans	2021-03-18 21:50:45.141738	2021-03-18 21:50:45.141738
708	Chickory	2021-03-18 21:50:45.145019	2021-03-18 21:50:45.145019
709	Garam Masala	2021-03-18 21:50:45.148386	2021-03-18 21:50:45.148386
710	Rye Bread	2021-03-18 21:50:45.153237	2021-03-18 21:50:45.153237
711	Monkfish	2021-03-18 21:50:45.156988	2021-03-18 21:50:45.156988
712	Cavalo	2021-03-18 21:50:45.160185	2021-03-18 21:50:45.160185
713	Rockmelon	2021-03-18 21:50:45.163422	2021-03-18 21:50:45.163422
714	Choy Sum	2021-03-18 21:50:45.16693	2021-03-18 21:50:45.16693
715	Fruit	2021-03-18 21:50:45.170253	2021-03-18 21:50:45.170253
716	Cantaloupe	2021-03-18 21:50:45.173566	2021-03-18 21:50:45.173566
717	Almond Oil	2021-03-18 21:50:45.17702	2021-03-18 21:50:45.17702
718	Cream Cheese	2021-03-18 21:50:45.180432	2021-03-18 21:50:45.180432
719	Cantaloupe	2021-03-18 21:50:45.183699	2021-03-18 21:50:45.183699
720	Cream Cheese	2021-03-18 21:50:45.198679	2021-03-18 21:50:45.198679
721	Asparagus	2021-03-18 21:50:45.202208	2021-03-18 21:50:45.202208
722	Apple Juice	2021-03-18 21:50:45.2056	2021-03-18 21:50:45.2056
723	Beef Stock	2021-03-18 21:50:45.208978	2021-03-18 21:50:45.208978
724	Cacao	2021-03-18 21:50:45.212161	2021-03-18 21:50:45.212161
725	Flour	2021-03-18 21:50:45.215519	2021-03-18 21:50:45.215519
726	Wholegrain Bread	2021-03-18 21:50:45.218737	2021-03-18 21:50:45.218737
727	Cauliflower	2021-03-18 21:50:45.221963	2021-03-18 21:50:45.221963
728	Peaches	2021-03-18 21:50:45.225673	2021-03-18 21:50:45.225673
729	Pinto Beans	2021-03-18 21:50:45.228912	2021-03-18 21:50:45.228912
730	White Flour	2021-03-18 21:50:45.233641	2021-03-18 21:50:45.233641
731	Brown Rice	2021-03-18 21:50:45.237353	2021-03-18 21:50:45.237353
732	Loquats	2021-03-18 21:50:45.24053	2021-03-18 21:50:45.24053
733	Bran	2021-03-18 21:50:45.243784	2021-03-18 21:50:45.243784
734	Red Lentils	2021-03-18 21:50:45.247136	2021-03-18 21:50:45.247136
735	Sunflower Oil	2021-03-18 21:50:45.250578	2021-03-18 21:50:45.250578
736	Wheat	2021-03-18 21:50:45.253908	2021-03-18 21:50:45.253908
737	Papaya	2021-03-18 21:50:45.257305	2021-03-18 21:50:45.257305
738	Avocado	2021-03-18 21:50:45.260537	2021-03-18 21:50:45.260537
739	Watercress	2021-03-18 21:50:45.263713	2021-03-18 21:50:45.263713
740	Turkey	2021-03-18 21:50:45.268788	2021-03-18 21:50:45.268788
741	Carob Carrot	2021-03-18 21:50:45.272273	2021-03-18 21:50:45.272273
742	Purple Rice	2021-03-18 21:50:45.275623	2021-03-18 21:50:45.275623
743	Elderberry	2021-03-18 21:50:45.27899	2021-03-18 21:50:45.27899
744	Garam Masala	2021-03-18 21:50:45.282362	2021-03-18 21:50:45.282362
745	White Bread	2021-03-18 21:50:45.286116	2021-03-18 21:50:45.286116
746	Fennel Seeds	2021-03-18 21:50:45.289698	2021-03-18 21:50:45.289698
747	Leeks	2021-03-18 21:50:45.292933	2021-03-18 21:50:45.292933
748	Cranberry	2021-03-18 21:50:45.296564	2021-03-18 21:50:45.296564
749	Tapioca	2021-03-18 21:50:45.299902	2021-03-18 21:50:45.299902
750	Sweet Chilli Sauce	2021-03-18 21:50:45.305404	2021-03-18 21:50:45.305404
751	Snowpea Sprouts	2021-03-18 21:50:45.309049	2021-03-18 21:50:45.309049
752	Avocado	2021-03-18 21:50:45.312327	2021-03-18 21:50:45.312327
753	Barramundi	2021-03-18 21:50:45.316056	2021-03-18 21:50:45.316056
754	Soba	2021-03-18 21:50:45.319554	2021-03-18 21:50:45.319554
755	White Rice	2021-03-18 21:50:45.323078	2021-03-18 21:50:45.323078
756	Soy Beans	2021-03-18 21:50:45.32634	2021-03-18 21:50:45.32634
757	Hiramasa Kingfish	2021-03-18 21:50:45.330227	2021-03-18 21:50:45.330227
758	Red Wine	2021-03-18 21:50:45.333645	2021-03-18 21:50:45.333645
759	Chicken Stock	2021-03-18 21:50:45.337078	2021-03-18 21:50:45.337078
760	Maple Syrup	2021-03-18 21:50:45.341959	2021-03-18 21:50:45.341959
761	Rose Water	2021-03-18 21:50:45.345817	2021-03-18 21:50:45.345817
762	Onion	2021-03-18 21:50:45.349068	2021-03-18 21:50:45.349068
763	Agave Syrup	2021-03-18 21:50:45.352221	2021-03-18 21:50:45.352221
764	Capsicum	2021-03-18 21:50:45.355621	2021-03-18 21:50:45.355621
765	Feta	2021-03-18 21:50:45.359077	2021-03-18 21:50:45.359077
766	Yellow Papaw	2021-03-18 21:50:45.362278	2021-03-18 21:50:45.362278
767	Sprouts	2021-03-18 21:50:45.365706	2021-03-18 21:50:45.365706
768	Nasturtium	2021-03-18 21:50:45.369078	2021-03-18 21:50:45.369078
769	Avocado	2021-03-18 21:50:45.372332	2021-03-18 21:50:45.372332
770	Anchovies	2021-03-18 21:50:45.377662	2021-03-18 21:50:45.377662
771	Caraway Seed	2021-03-18 21:50:45.381062	2021-03-18 21:50:45.381062
772	Basil Basmati Rice	2021-03-18 21:50:45.384342	2021-03-18 21:50:45.384342
773	Beans	2021-03-18 21:50:45.387817	2021-03-18 21:50:45.387817
774	Common Cultivated Mushrooms	2021-03-18 21:50:45.391031	2021-03-18 21:50:45.391031
775	Cashews	2021-03-18 21:50:45.394596	2021-03-18 21:50:45.394596
776	Celery	2021-03-18 21:50:45.397914	2021-03-18 21:50:45.397914
777	Pear Juice	2021-03-18 21:50:45.401468	2021-03-18 21:50:45.401468
778	Cocoa Powder	2021-03-18 21:50:45.405311	2021-03-18 21:50:45.405311
779	Tamari	2021-03-18 21:50:45.408686	2021-03-18 21:50:45.408686
780	Brazil Nut	2021-03-18 21:50:45.413437	2021-03-18 21:50:45.413437
781	Kohlrabi	2021-03-18 21:50:45.417093	2021-03-18 21:50:45.417093
782	Chickpea	2021-03-18 21:50:45.420365	2021-03-18 21:50:45.420365
783	Macadamia Oil	2021-03-18 21:50:45.423594	2021-03-18 21:50:45.423594
784	Corn Oil	2021-03-18 21:50:45.426964	2021-03-18 21:50:45.426964
785	Unbleached Flour	2021-03-18 21:50:45.43027	2021-03-18 21:50:45.43027
786	Radicchio	2021-03-18 21:50:45.433505	2021-03-18 21:50:45.433505
787	Nuts	2021-03-18 21:50:45.43697	2021-03-18 21:50:45.43697
788	Beetroot	2021-03-18 21:50:45.440236	2021-03-18 21:50:45.440236
789	Pears	2021-03-18 21:50:45.44352	2021-03-18 21:50:45.44352
790	Raspberry	2021-03-18 21:50:45.448689	2021-03-18 21:50:45.448689
791	Sultanas	2021-03-18 21:50:45.452228	2021-03-18 21:50:45.452228
792	Mahi Mahi	2021-03-18 21:50:45.455569	2021-03-18 21:50:45.455569
793	Red Wine Vinegar	2021-03-18 21:50:45.458872	2021-03-18 21:50:45.458872
794	Hokkien Noodles	2021-03-18 21:50:45.462117	2021-03-18 21:50:45.462117
795	Arugula	2021-03-18 21:50:45.465712	2021-03-18 21:50:45.465712
796	Wholegrain Bread	2021-03-18 21:50:45.469009	2021-03-18 21:50:45.469009
797	Amchur	2021-03-18 21:50:45.472237	2021-03-18 21:50:45.472237
798	Hummus	2021-03-18 21:50:45.47564	2021-03-18 21:50:45.47564
799	Choy Sum	2021-03-18 21:50:45.479033	2021-03-18 21:50:45.479033
800	Oranges	2021-03-18 21:50:45.483743	2021-03-18 21:50:45.483743
801	Fenugreek	2021-03-18 21:50:45.487356	2021-03-18 21:50:45.487356
802	Chives	2021-03-18 21:50:45.490699	2021-03-18 21:50:45.490699
803	Thyme	2021-03-18 21:50:45.49407	2021-03-18 21:50:45.49407
804	Bean Shoots	2021-03-18 21:50:45.497595	2021-03-18 21:50:45.497595
805	Sausages	2021-03-18 21:50:45.50071	2021-03-18 21:50:45.50071
806	Nasturtium	2021-03-18 21:50:45.503943	2021-03-18 21:50:45.503943
807	Apple Juice Concentrate	2021-03-18 21:50:45.507424	2021-03-18 21:50:45.507424
808	Duck	2021-03-18 21:50:45.510659	2021-03-18 21:50:45.510659
809	Sunflower Seeds	2021-03-18 21:50:45.513897	2021-03-18 21:50:45.513897
810	Muesli	2021-03-18 21:50:45.518946	2021-03-18 21:50:45.518946
811	English Spinach	2021-03-18 21:50:45.522666	2021-03-18 21:50:45.522666
812	Mackerel	2021-03-18 21:50:45.526244	2021-03-18 21:50:45.526244
813	Pomegranate	2021-03-18 21:50:45.529439	2021-03-18 21:50:45.529439
814	Grapefruit	2021-03-18 21:50:45.53255	2021-03-18 21:50:45.53255
815	Sunflower Oil	2021-03-18 21:50:45.535909	2021-03-18 21:50:45.535909
816	Pineapple	2021-03-18 21:50:45.539334	2021-03-18 21:50:45.539334
817	Spelt Bread	2021-03-18 21:50:45.542519	2021-03-18 21:50:45.542519
818	Parmesan Cheese	2021-03-18 21:50:45.545895	2021-03-18 21:50:45.545895
819	Celery	2021-03-18 21:50:45.549158	2021-03-18 21:50:45.549158
820	Dried Chinese Broccoli	2021-03-18 21:50:45.554138	2021-03-18 21:50:45.554138
821	Fenugreek	2021-03-18 21:50:45.558001	2021-03-18 21:50:45.558001
822	Sweet Chilli Sauce	2021-03-18 21:50:45.561345	2021-03-18 21:50:45.561345
823	Cumin	2021-03-18 21:50:45.56462	2021-03-18 21:50:45.56462
824	Mango	2021-03-18 21:50:45.568051	2021-03-18 21:50:45.568051
825	Blue Cheese	2021-03-18 21:50:45.571315	2021-03-18 21:50:45.571315
826	Strawberries	2021-03-18 21:50:45.574816	2021-03-18 21:50:45.574816
827	Star Anise	2021-03-18 21:50:45.578187	2021-03-18 21:50:45.578187
828	Radish	2021-03-18 21:50:45.581657	2021-03-18 21:50:45.581657
829	Green Pepper	2021-03-18 21:50:45.585112	2021-03-18 21:50:45.585112
830	Custard Apples	2021-03-18 21:50:45.590034	2021-03-18 21:50:45.590034
831	Scallops	2021-03-18 21:50:45.59357	2021-03-18 21:50:45.59357
832	Silverbeet	2021-03-18 21:50:45.597107	2021-03-18 21:50:45.597107
833	Turmeric	2021-03-18 21:50:45.600412	2021-03-18 21:50:45.600412
834	Onion	2021-03-18 21:50:45.6036	2021-03-18 21:50:45.6036
835	Goji Berry	2021-03-18 21:50:45.607067	2021-03-18 21:50:45.607067
836	Passionfruit	2021-03-18 21:50:45.610378	2021-03-18 21:50:45.610378
837	Cavalo	2021-03-18 21:50:45.613698	2021-03-18 21:50:45.613698
838	Stevia	2021-03-18 21:50:45.617202	2021-03-18 21:50:45.617202
839	Green Beans	2021-03-18 21:50:45.620403	2021-03-18 21:50:45.620403
840	Yeast	2021-03-18 21:50:45.634871	2021-03-18 21:50:45.634871
841	Wasabi	2021-03-18 21:50:45.638743	2021-03-18 21:50:45.638743
842	Brown Mushrooms	2021-03-18 21:50:45.642101	2021-03-18 21:50:45.642101
843	Lotus Root	2021-03-18 21:50:45.645643	2021-03-18 21:50:45.645643
844	Soy Milk	2021-03-18 21:50:45.648976	2021-03-18 21:50:45.648976
845	Hot Smoked Salmon	2021-03-18 21:50:45.652199	2021-03-18 21:50:45.652199
846	Blueberries	2021-03-18 21:50:45.655513	2021-03-18 21:50:45.655513
847	Goji Berry	2021-03-18 21:50:45.659009	2021-03-18 21:50:45.659009
848	Parsley	2021-03-18 21:50:45.662133	2021-03-18 21:50:45.662133
849	Pineapple	2021-03-18 21:50:45.665487	2021-03-18 21:50:45.665487
850	Buckwheat	2021-03-18 21:50:45.670389	2021-03-18 21:50:45.670389
851	Safflower Oil	2021-03-18 21:50:45.674122	2021-03-18 21:50:45.674122
852	Jerusalem Artichoke	2021-03-18 21:50:45.677508	2021-03-18 21:50:45.677508
853	Tahini	2021-03-18 21:50:45.680707	2021-03-18 21:50:45.680707
854	Elderberry	2021-03-18 21:50:45.684054	2021-03-18 21:50:45.684054
855	Blue Eye Trevalla	2021-03-18 21:50:45.687513	2021-03-18 21:50:45.687513
856	Elderberry	2021-03-18 21:50:45.690686	2021-03-18 21:50:45.690686
857	Sweet Chilli Sauce	2021-03-18 21:50:45.693895	2021-03-18 21:50:45.693895
858	Wakame	2021-03-18 21:50:45.697175	2021-03-18 21:50:45.697175
859	Bonza	2021-03-18 21:50:45.700493	2021-03-18 21:50:45.700493
860	Nashi Pear	2021-03-18 21:50:45.705598	2021-03-18 21:50:45.705598
861	Cayenne	2021-03-18 21:50:45.709178	2021-03-18 21:50:45.709178
862	Sour Dough Bread	2021-03-18 21:50:45.7123	2021-03-18 21:50:45.7123
863	Buttermilk	2021-03-18 21:50:45.715608	2021-03-18 21:50:45.715608
864	Molasses	2021-03-18 21:50:45.718972	2021-03-18 21:50:45.718972
865	Brown Mushrooms	2021-03-18 21:50:45.722145	2021-03-18 21:50:45.722145
866	Goat Cheese	2021-03-18 21:50:45.725479	2021-03-18 21:50:45.725479
867	Vegetable Spaghetti	2021-03-18 21:50:45.728748	2021-03-18 21:50:45.728748
868	Apricots	2021-03-18 21:50:45.73202	2021-03-18 21:50:45.73202
869	Tapioca Flour	2021-03-18 21:50:45.736187	2021-03-18 21:50:45.736187
870	Vegetable Spaghetti	2021-03-18 21:50:45.741202	2021-03-18 21:50:45.741202
871	Tofu	2021-03-18 21:50:45.744747	2021-03-18 21:50:45.744747
872	Figs	2021-03-18 21:50:45.748246	2021-03-18 21:50:45.748246
873	Dark Chocolate	2021-03-18 21:50:45.751561	2021-03-18 21:50:45.751561
874	Papaw	2021-03-18 21:50:45.754838	2021-03-18 21:50:45.754838
875	Jicama	2021-03-18 21:50:45.758165	2021-03-18 21:50:45.758165
876	Jerusalem Artichoke	2021-03-18 21:50:45.761469	2021-03-18 21:50:45.761469
877	Leeks	2021-03-18 21:50:45.765013	2021-03-18 21:50:45.765013
878	Peas	2021-03-18 21:50:45.768345	2021-03-18 21:50:45.768345
879	Alfalfa	2021-03-18 21:50:45.771492	2021-03-18 21:50:45.771492
880	Bran	2021-03-18 21:50:45.776459	2021-03-18 21:50:45.776459
881	Ricotta	2021-03-18 21:50:45.780069	2021-03-18 21:50:45.780069
882	Dried Chinese Broccoli	2021-03-18 21:50:45.783245	2021-03-18 21:50:45.783245
883	Nashi Pear	2021-03-18 21:50:45.786636	2021-03-18 21:50:45.786636
884	Beans	2021-03-18 21:50:45.789955	2021-03-18 21:50:45.789955
885	Vermicelli Noodles	2021-03-18 21:50:45.79327	2021-03-18 21:50:45.79327
886	Trout	2021-03-18 21:50:45.796678	2021-03-18 21:50:45.796678
887	Potato Flour	2021-03-18 21:50:45.79986	2021-03-18 21:50:45.79986
888	Dried Chinese Broccoli	2021-03-18 21:50:45.803054	2021-03-18 21:50:45.803054
889	Endive	2021-03-18 21:50:45.806539	2021-03-18 21:50:45.806539
890	Brown Rice Vinegar	2021-03-18 21:50:45.811512	2021-03-18 21:50:45.811512
891	Grapefruit	2021-03-18 21:50:45.815098	2021-03-18 21:50:45.815098
892	Beef	2021-03-18 21:50:45.818393	2021-03-18 21:50:45.818393
893	Longan	2021-03-18 21:50:45.82169	2021-03-18 21:50:45.82169
894	Beetroot	2021-03-18 21:50:45.825577	2021-03-18 21:50:45.825577
895	Water	2021-03-18 21:50:45.829116	2021-03-18 21:50:45.829116
896	Raisin	2021-03-18 21:50:45.832303	2021-03-18 21:50:45.832303
897	Tapioca Flour	2021-03-18 21:50:45.835592	2021-03-18 21:50:45.835592
898	File Powder	2021-03-18 21:50:45.838903	2021-03-18 21:50:45.838903
899	Lentils	2021-03-18 21:50:45.842028	2021-03-18 21:50:45.842028
900	Bocconcini	2021-03-18 21:50:45.846909	2021-03-18 21:50:45.846909
901	Yogurt	2021-03-18 21:50:45.850606	2021-03-18 21:50:45.850606
902	Incaberries	2021-03-18 21:50:45.854443	2021-03-18 21:50:45.854443
903	Apples	2021-03-18 21:50:45.857964	2021-03-18 21:50:45.857964
904	Curry Powder	2021-03-18 21:50:45.861178	2021-03-18 21:50:45.861178
905	Corn Tortilla	2021-03-18 21:50:45.864513	2021-03-18 21:50:45.864513
906	Dried Apricots	2021-03-18 21:50:45.867871	2021-03-18 21:50:45.867871
907	Tangelo	2021-03-18 21:50:45.871085	2021-03-18 21:50:45.871085
908	Horseradish	2021-03-18 21:50:45.874321	2021-03-18 21:50:45.874321
909	Banana	2021-03-18 21:50:45.87762	2021-03-18 21:50:45.87762
910	Vegetable Stock	2021-03-18 21:50:45.88254	2021-03-18 21:50:45.88254
911	Pork	2021-03-18 21:50:45.886548	2021-03-18 21:50:45.886548
912	Apple Juice	2021-03-18 21:50:45.890115	2021-03-18 21:50:45.890115
913	Kangaroo	2021-03-18 21:50:45.893401	2021-03-18 21:50:45.893401
914	Oat Flour	2021-03-18 21:50:45.896767	2021-03-18 21:50:45.896767
915	Tamari	2021-03-18 21:50:45.900035	2021-03-18 21:50:45.900035
916	Edamame	2021-03-18 21:50:45.903286	2021-03-18 21:50:45.903286
917	Brown Mushrooms	2021-03-18 21:50:45.906603	2021-03-18 21:50:45.906603
918	Blackberries	2021-03-18 21:50:45.910014	2021-03-18 21:50:45.910014
919	Black Eyed Beans	2021-03-18 21:50:45.913199	2021-03-18 21:50:45.913199
920	Honey	2021-03-18 21:50:45.918389	2021-03-18 21:50:45.918389
921	Oatmeal	2021-03-18 21:50:45.921998	2021-03-18 21:50:45.921998
922	Blue Eye Trevalla	2021-03-18 21:50:45.925818	2021-03-18 21:50:45.925818
923	Clams	2021-03-18 21:50:45.92951	2021-03-18 21:50:45.92951
924	Mandarins	2021-03-18 21:50:45.932682	2021-03-18 21:50:45.932682
925	Mace	2021-03-18 21:50:45.936063	2021-03-18 21:50:45.936063
926	Buttermilk	2021-03-18 21:50:45.939331	2021-03-18 21:50:45.939331
927	Pinto Beans	2021-03-18 21:50:45.942651	2021-03-18 21:50:45.942651
928	Green Pepper	2021-03-18 21:50:45.946263	2021-03-18 21:50:45.946263
929	Silverbeet	2021-03-18 21:50:45.94953	2021-03-18 21:50:45.94953
930	Carob Carrot	2021-03-18 21:50:45.954357	2021-03-18 21:50:45.954357
931	Raspberry	2021-03-18 21:50:45.957967	2021-03-18 21:50:45.957967
932	Beans	2021-03-18 21:50:45.96119	2021-03-18 21:50:45.96119
933	White Rice	2021-03-18 21:50:45.9646	2021-03-18 21:50:45.9646
934	Chinese Five Spice	2021-03-18 21:50:45.967904	2021-03-18 21:50:45.967904
935	Red Wine Vinegar	2021-03-18 21:50:45.971367	2021-03-18 21:50:45.971367
936	Lentils	2021-03-18 21:50:45.974851	2021-03-18 21:50:45.974851
937	Clams	2021-03-18 21:50:45.978412	2021-03-18 21:50:45.978412
938	Buckwheat	2021-03-18 21:50:45.981692	2021-03-18 21:50:45.981692
939	Mung Beans	2021-03-18 21:50:45.984957	2021-03-18 21:50:45.984957
940	Pecan Nut	2021-03-18 21:50:45.989963	2021-03-18 21:50:45.989963
941	Onion	2021-03-18 21:50:45.993484	2021-03-18 21:50:45.993484
942	Coriander Seed	2021-03-18 21:50:45.996865	2021-03-18 21:50:45.996865
943	Hijiki	2021-03-18 21:50:46.000248	2021-03-18 21:50:46.000248
944	Corn Syrup	2021-03-18 21:50:46.003488	2021-03-18 21:50:46.003488
945	Turnips	2021-03-18 21:50:46.007063	2021-03-18 21:50:46.007063
946	Pear Juice	2021-03-18 21:50:46.010368	2021-03-18 21:50:46.010368
947	Cream	2021-03-18 21:50:46.013633	2021-03-18 21:50:46.013633
948	Barramundi	2021-03-18 21:50:46.017117	2021-03-18 21:50:46.017117
949	Kidney Beans	2021-03-18 21:50:46.020391	2021-03-18 21:50:46.020391
950	Horseradish	2021-03-18 21:50:46.025363	2021-03-18 21:50:46.025363
951	Tom Yum	2021-03-18 21:50:46.02902	2021-03-18 21:50:46.02902
952	Common Cultivated Mushrooms	2021-03-18 21:50:46.032363	2021-03-18 21:50:46.032363
953	Tarragon	2021-03-18 21:50:46.035637	2021-03-18 21:50:46.035637
954	Arrowroot	2021-03-18 21:50:46.039388	2021-03-18 21:50:46.039388
955	Kale	2021-03-18 21:50:46.042665	2021-03-18 21:50:46.042665
956	Brazil Nut	2021-03-18 21:50:46.046096	2021-03-18 21:50:46.046096
957	Grape Seed Oil	2021-03-18 21:50:46.049601	2021-03-18 21:50:46.049601
958	Wheat	2021-03-18 21:50:46.052801	2021-03-18 21:50:46.052801
959	Oyster Sauce	2021-03-18 21:50:46.056297	2021-03-18 21:50:46.056297
960	Camomile	2021-03-18 21:50:46.06136	2021-03-18 21:50:46.06136
961	Marjoram	2021-03-18 21:50:46.074854	2021-03-18 21:50:46.074854
962	Chickory	2021-03-18 21:50:46.078432	2021-03-18 21:50:46.078432
963	Vegetable Spaghetti	2021-03-18 21:50:46.081668	2021-03-18 21:50:46.081668
964	Chickory	2021-03-18 21:50:46.085026	2021-03-18 21:50:46.085026
965	Buckwheat Noodles	2021-03-18 21:50:46.088316	2021-03-18 21:50:46.088316
966	Kidneys	2021-03-18 21:50:46.091774	2021-03-18 21:50:46.091774
967	Jewfish	2021-03-18 21:50:46.095178	2021-03-18 21:50:46.095178
968	Fennel	2021-03-18 21:50:46.098579	2021-03-18 21:50:46.098579
969	Aubergine	2021-03-18 21:50:46.101767	2021-03-18 21:50:46.101767
970	Dill	2021-03-18 21:50:46.106948	2021-03-18 21:50:46.106948
971	Feijoa	2021-03-18 21:50:46.110638	2021-03-18 21:50:46.110638
972	Sprouts	2021-03-18 21:50:46.113878	2021-03-18 21:50:46.113878
973	Bran	2021-03-18 21:50:46.117273	2021-03-18 21:50:46.117273
974	Spearmint	2021-03-18 21:50:46.120512	2021-03-18 21:50:46.120512
975	Figs	2021-03-18 21:50:46.123783	2021-03-18 21:50:46.123783
976	Chickory	2021-03-18 21:50:46.127096	2021-03-18 21:50:46.127096
977	Brown Mushrooms	2021-03-18 21:50:46.130493	2021-03-18 21:50:46.130493
978	Sesame Oil	2021-03-18 21:50:46.133749	2021-03-18 21:50:46.133749
979	Water	2021-03-18 21:50:46.137053	2021-03-18 21:50:46.137053
980	Parrotfish	2021-03-18 21:50:46.141995	2021-03-18 21:50:46.141995
981	Radicchio	2021-03-18 21:50:46.145637	2021-03-18 21:50:46.145637
982	Banana	2021-03-18 21:50:46.149083	2021-03-18 21:50:46.149083
983	Enoki Mushrooms	2021-03-18 21:50:46.152446	2021-03-18 21:50:46.152446
984	Bonza	2021-03-18 21:50:46.155824	2021-03-18 21:50:46.155824
985	Feta	2021-03-18 21:50:46.159187	2021-03-18 21:50:46.159187
986	Mussels	2021-03-18 21:50:46.162452	2021-03-18 21:50:46.162452
987	Barley	2021-03-18 21:50:46.165858	2021-03-18 21:50:46.165858
988	Sprouts	2021-03-18 21:50:46.16922	2021-03-18 21:50:46.16922
989	Brussels Sprouts	2021-03-18 21:50:46.172724	2021-03-18 21:50:46.172724
990	Candle Nut	2021-03-18 21:50:46.177929	2021-03-18 21:50:46.177929
991	Tapioca	2021-03-18 21:50:46.181456	2021-03-18 21:50:46.181456
992	Brown Rice Vinegar	2021-03-18 21:50:46.184749	2021-03-18 21:50:46.184749
993	Basil Basmati Rice	2021-03-18 21:50:46.188174	2021-03-18 21:50:46.188174
994	Radicchio	2021-03-18 21:50:46.191338	2021-03-18 21:50:46.191338
995	Mint	2021-03-18 21:50:46.194675	2021-03-18 21:50:46.194675
996	Flat Mushrooms	2021-03-18 21:50:46.198028	2021-03-18 21:50:46.198028
997	Margarine	2021-03-18 21:50:46.201375	2021-03-18 21:50:46.201375
998	Flaxseed Oil	2021-03-18 21:50:46.204845	2021-03-18 21:50:46.204845
999	Spring Onions	2021-03-18 21:50:46.208268	2021-03-18 21:50:46.208268
1000	Wasabi	2021-03-18 21:50:46.21316	2021-03-18 21:50:46.21316
1001	Vermicelli Noodles	2021-03-18 21:50:46.217016	2021-03-18 21:50:46.217016
1002	Pumpkin Seed	2021-03-18 21:50:46.220377	2021-03-18 21:50:46.220377
1003	Pumpkin Seed	2021-03-18 21:50:46.223675	2021-03-18 21:50:46.223675
1004	Cake	2021-03-18 21:50:46.227046	2021-03-18 21:50:46.227046
1005	Red Lentils	2021-03-18 21:50:46.230567	2021-03-18 21:50:46.230567
1006	Watermelon	2021-03-18 21:50:46.233943	2021-03-18 21:50:46.233943
1007	Nashi Pear	2021-03-18 21:50:46.237404	2021-03-18 21:50:46.237404
1008	Mustard Seed	2021-03-18 21:50:46.240691	2021-03-18 21:50:46.240691
1009	Szechuan Pepperberry	2021-03-18 21:50:46.244198	2021-03-18 21:50:46.244198
1010	Tapioca	2021-03-18 21:50:46.249745	2021-03-18 21:50:46.249745
1011	Quinoa	2021-03-18 21:50:46.253454	2021-03-18 21:50:46.253454
1012	Marjoram	2021-03-18 21:50:46.256996	2021-03-18 21:50:46.256996
1013	Spinach	2021-03-18 21:50:46.260619	2021-03-18 21:50:46.260619
1014	Asafoetida	2021-03-18 21:50:46.263994	2021-03-18 21:50:46.263994
1015	Shark	2021-03-18 21:50:46.267551	2021-03-18 21:50:46.267551
1016	Soy Milk	2021-03-18 21:50:46.270799	2021-03-18 21:50:46.270799
1017	Nori	2021-03-18 21:50:46.274105	2021-03-18 21:50:46.274105
1018	Fenugreek	2021-03-18 21:50:46.277622	2021-03-18 21:50:46.277622
1019	Sausages	2021-03-18 21:50:46.280844	2021-03-18 21:50:46.280844
1020	Pumpkin	2021-03-18 21:50:46.285979	2021-03-18 21:50:46.285979
1021	Haloumi	2021-03-18 21:50:46.289816	2021-03-18 21:50:46.289816
1022	Chicken Stock	2021-03-18 21:50:46.293054	2021-03-18 21:50:46.293054
1023	Ajowan Seed	2021-03-18 21:50:46.296583	2021-03-18 21:50:46.296583
1024	Cannellini Beans	2021-03-18 21:50:46.299862	2021-03-18 21:50:46.299862
1025	Fingerlime	2021-03-18 21:50:46.303076	2021-03-18 21:50:46.303076
1026	Albacore Tuna	2021-03-18 21:50:46.306502	2021-03-18 21:50:46.306502
1027	Quinoa	2021-03-18 21:50:46.310052	2021-03-18 21:50:46.310052
1028	Common Cultivated Mushrooms	2021-03-18 21:50:46.313267	2021-03-18 21:50:46.313267
1029	Nori	2021-03-18 21:50:46.316687	2021-03-18 21:50:46.316687
1030	Vinegar	2021-03-18 21:50:46.322535	2021-03-18 21:50:46.322535
1031	Licorice	2021-03-18 21:50:46.3266	2021-03-18 21:50:46.3266
1032	Cornichons	2021-03-18 21:50:46.329895	2021-03-18 21:50:46.329895
1033	Nectarines	2021-03-18 21:50:46.333081	2021-03-18 21:50:46.333081
1034	Broccolini	2021-03-18 21:50:46.336468	2021-03-18 21:50:46.336468
1035	Tangelo	2021-03-18 21:50:46.339785	2021-03-18 21:50:46.339785
1036	Tapioca	2021-03-18 21:50:46.342959	2021-03-18 21:50:46.342959
1037	Sesame Oil	2021-03-18 21:50:46.34633	2021-03-18 21:50:46.34633
1038	Raspberry	2021-03-18 21:50:46.349783	2021-03-18 21:50:46.349783
1039	Cornmeal	2021-03-18 21:50:46.353096	2021-03-18 21:50:46.353096
1040	Bonito Flakes	2021-03-18 21:50:46.358265	2021-03-18 21:50:46.358265
1041	Onion	2021-03-18 21:50:46.36179	2021-03-18 21:50:46.36179
1042	Dates	2021-03-18 21:50:46.3651	2021-03-18 21:50:46.3651
1043	Malt Vinegar	2021-03-18 21:50:46.368553	2021-03-18 21:50:46.368553
1044	Fingerlime	2021-03-18 21:50:46.371934	2021-03-18 21:50:46.371934
1045	Choy Sum	2021-03-18 21:50:46.375219	2021-03-18 21:50:46.375219
1046	Lemon	2021-03-18 21:50:46.37858	2021-03-18 21:50:46.37858
1047	Chives	2021-03-18 21:50:46.382302	2021-03-18 21:50:46.382302
1048	Pecorino	2021-03-18 21:50:46.385823	2021-03-18 21:50:46.385823
1049	Olive Oil	2021-03-18 21:50:46.389158	2021-03-18 21:50:46.389158
1050	Omega Spread	2021-03-18 21:50:46.394131	2021-03-18 21:50:46.394131
1051	Bonito Flakes	2021-03-18 21:50:46.397828	2021-03-18 21:50:46.397828
1052	Wholewheat Flour	2021-03-18 21:50:46.401132	2021-03-18 21:50:46.401132
1053	Mussels	2021-03-18 21:50:46.404502	2021-03-18 21:50:46.404502
1054	Nasturtium	2021-03-18 21:50:46.408362	2021-03-18 21:50:46.408362
1055	Brown Rice	2021-03-18 21:50:46.411989	2021-03-18 21:50:46.411989
1056	Bran	2021-03-18 21:50:46.415411	2021-03-18 21:50:46.415411
1057	Baking Soda	2021-03-18 21:50:46.419333	2021-03-18 21:50:46.419333
1058	Okra	2021-03-18 21:50:46.423031	2021-03-18 21:50:46.423031
1059	Brussels Sprouts	2021-03-18 21:50:46.426573	2021-03-18 21:50:46.426573
1060	Red Cabbage	2021-03-18 21:50:46.43165	2021-03-18 21:50:46.43165
1061	Hot Smoked Salmon	2021-03-18 21:50:46.435308	2021-03-18 21:50:46.435308
1062	Snapper	2021-03-18 21:50:46.438926	2021-03-18 21:50:46.438926
1063	Star Anise	2021-03-18 21:50:46.442626	2021-03-18 21:50:46.442626
1064	Mulberries	2021-03-18 21:50:46.446263	2021-03-18 21:50:46.446263
1065	Jarrahdale Pumpkin	2021-03-18 21:50:46.449698	2021-03-18 21:50:46.449698
1066	Cayenne	2021-03-18 21:50:46.453123	2021-03-18 21:50:46.453123
1067	Coriander Leaves	2021-03-18 21:50:46.45668	2021-03-18 21:50:46.45668
1068	Nori	2021-03-18 21:50:46.460021	2021-03-18 21:50:46.460021
1069	Wakame	2021-03-18 21:50:46.463197	2021-03-18 21:50:46.463197
1070	Nuts	2021-03-18 21:50:46.468328	2021-03-18 21:50:46.468328
1071	Bacon	2021-03-18 21:50:46.471988	2021-03-18 21:50:46.471988
1072	Berries	2021-03-18 21:50:46.475494	2021-03-18 21:50:46.475494
1073	Pecorino	2021-03-18 21:50:46.478755	2021-03-18 21:50:46.478755
1074	Fromage Blanc	2021-03-18 21:50:46.482102	2021-03-18 21:50:46.482102
1075	Blackberries	2021-03-18 21:50:46.48596	2021-03-18 21:50:46.48596
1076	Vanilla Beans	2021-03-18 21:50:46.489476	2021-03-18 21:50:46.489476
1077	Cassia Bark	2021-03-18 21:50:46.492785	2021-03-18 21:50:46.492785
1078	Pear	2021-03-18 21:50:46.496198	2021-03-18 21:50:46.496198
1079	Pasta	2021-03-18 21:50:46.499651	2021-03-18 21:50:46.499651
1080	Lemongrass	2021-03-18 21:50:46.504567	2021-03-18 21:50:46.504567
1081	Pine Nut	2021-03-18 21:50:46.51783	2021-03-18 21:50:46.51783
1082	Common Cultivated Mushrooms	2021-03-18 21:50:46.521163	2021-03-18 21:50:46.521163
1083	Honeydew Melon	2021-03-18 21:50:46.524533	2021-03-18 21:50:46.524533
1084	Swordfish	2021-03-18 21:50:46.5279	2021-03-18 21:50:46.5279
1085	Oat Flour	2021-03-18 21:50:46.531341	2021-03-18 21:50:46.531341
1086	Kombu	2021-03-18 21:50:46.534717	2021-03-18 21:50:46.534717
1087	Hot Smoked Salmon	2021-03-18 21:50:46.53813	2021-03-18 21:50:46.53813
1088	Buckwheat	2021-03-18 21:50:46.542542	2021-03-18 21:50:46.542542
1089	Chives	2021-03-18 21:50:46.546413	2021-03-18 21:50:46.546413
1090	Figs	2021-03-18 21:50:46.551424	2021-03-18 21:50:46.551424
1091	Mussels	2021-03-18 21:50:46.55543	2021-03-18 21:50:46.55543
1092	Nori	2021-03-18 21:50:46.559117	2021-03-18 21:50:46.559117
1093	Apple Cider Vinegar	2021-03-18 21:50:46.563073	2021-03-18 21:50:46.563073
1094	Potato Flour	2021-03-18 21:50:46.567166	2021-03-18 21:50:46.567166
1095	Hijiki	2021-03-18 21:50:46.571101	2021-03-18 21:50:46.571101
1096	Elderberry	2021-03-18 21:50:46.575026	2021-03-18 21:50:46.575026
1097	Butternut Pumpkin	2021-03-18 21:50:46.57884	2021-03-18 21:50:46.57884
1098	Lamb	2021-03-18 21:50:46.582189	2021-03-18 21:50:46.582189
1099	Rye Bread	2021-03-18 21:50:46.58575	2021-03-18 21:50:46.58575
1100	Pumpkin	2021-03-18 21:50:46.591263	2021-03-18 21:50:46.591263
1101	Nuts	2021-03-18 21:50:46.595022	2021-03-18 21:50:46.595022
1102	Red Lentils	2021-03-18 21:50:46.598435	2021-03-18 21:50:46.598435
1103	Yeast	2021-03-18 21:50:46.601802	2021-03-18 21:50:46.601802
1104	Guava	2021-03-18 21:50:46.605495	2021-03-18 21:50:46.605495
1105	Custard Apples	2021-03-18 21:50:46.609141	2021-03-18 21:50:46.609141
1106	Crabs	2021-03-18 21:50:46.612573	2021-03-18 21:50:46.612573
1107	Parsnip	2021-03-18 21:50:46.616408	2021-03-18 21:50:46.616408
1108	Freekeh	2021-03-18 21:50:46.620127	2021-03-18 21:50:46.620127
1109	Peanuts	2021-03-18 21:50:46.623556	2021-03-18 21:50:46.623556
1110	Salt	2021-03-18 22:20:41.27103	2021-03-18 22:20:41.27103
1111	Milk	2021-03-18 22:36:56.167649	2021-03-18 22:36:56.167649
1112	Salt	2021-03-18 22:41:18.403186	2021-03-18 22:41:18.403186
\.


--
-- Data for Name: ingredients_recipes; Type: TABLE DATA; Schema: public; Owner: Mekinsie
--

COPY public.ingredients_recipes (ingredient_id, recipe_id) FROM stdin;
1110	14
120	14
121	14
122	14
123	14
124	14
125	14
126	14
127	14
128	14
129	14
130	15
131	15
132	15
133	15
134	15
135	15
136	15
137	15
138	15
139	15
140	16
141	16
142	16
143	16
144	16
145	16
146	16
147	16
148	16
149	16
150	17
151	17
152	17
153	17
154	17
155	17
156	17
157	17
158	17
159	17
160	18
161	18
162	18
163	18
164	18
165	18
166	18
167	18
168	18
169	18
170	19
171	19
172	19
173	19
174	19
175	19
176	19
177	19
178	19
179	19
180	20
181	20
182	20
183	20
184	20
185	20
186	20
187	20
188	20
189	20
190	21
191	21
192	21
193	21
194	21
195	21
196	21
197	21
198	21
199	21
200	22
201	22
202	22
203	22
204	22
205	22
206	22
207	22
208	22
209	22
210	23
211	23
212	23
213	23
214	23
215	23
216	23
217	23
218	23
219	23
220	24
221	24
222	24
223	24
224	24
225	24
226	24
227	24
228	24
229	24
230	25
231	25
232	25
233	25
234	25
235	25
236	25
237	25
238	25
239	25
240	26
241	26
242	26
243	26
244	26
245	26
246	26
247	26
248	26
249	26
250	27
251	27
252	27
253	27
254	27
255	27
256	27
257	27
258	27
259	27
260	28
261	28
262	28
263	28
264	28
265	28
266	28
267	28
268	28
269	28
270	29
271	29
272	29
273	29
274	29
275	29
276	29
277	29
278	29
279	29
280	30
281	30
282	30
283	30
284	30
285	30
286	30
287	30
288	30
289	30
290	31
291	31
292	31
293	31
294	31
295	31
296	31
297	31
298	31
299	31
300	32
301	32
302	32
303	32
304	32
305	32
306	32
307	32
308	32
309	32
310	33
311	33
312	33
313	33
314	33
315	33
316	33
317	33
318	33
319	33
320	34
321	34
322	34
323	34
324	34
325	34
326	34
327	34
328	34
329	34
330	35
331	35
332	35
333	35
334	35
335	35
336	35
337	35
338	35
339	35
340	36
341	36
342	36
343	36
344	36
345	36
346	36
347	36
348	36
349	36
350	37
351	37
352	37
353	37
354	37
355	37
356	37
357	37
358	37
359	37
360	38
361	38
362	38
363	38
364	38
365	38
366	38
367	38
368	38
369	38
370	39
371	39
372	39
373	39
374	39
375	39
376	39
377	39
378	39
379	39
380	40
381	40
382	40
383	40
384	40
385	40
386	40
387	40
388	40
389	40
390	41
391	41
392	41
393	41
394	41
395	41
396	41
397	41
398	41
399	41
400	42
401	42
402	42
403	42
404	42
405	42
406	42
407	42
408	42
409	42
410	43
411	43
412	43
413	43
414	43
415	43
416	43
417	43
418	43
419	43
420	44
421	44
422	44
423	44
424	44
425	44
426	44
427	44
428	44
429	44
430	45
431	45
432	45
433	45
434	45
435	45
436	45
437	45
438	45
439	45
440	46
441	46
442	46
443	46
444	46
445	46
446	46
447	46
448	46
449	46
450	47
451	47
452	47
453	47
454	47
455	47
456	47
457	47
458	47
459	47
460	48
461	48
462	48
463	48
464	48
465	48
466	48
467	48
468	48
469	48
470	49
471	49
472	49
473	49
474	49
475	49
476	49
477	49
478	49
479	49
480	50
481	50
482	50
483	50
484	50
485	50
486	50
487	50
488	50
489	50
490	51
491	51
492	51
493	51
494	51
495	51
496	51
497	51
498	51
499	51
500	52
501	52
502	52
503	52
504	52
505	52
506	52
507	52
508	52
509	52
510	53
511	53
512	53
513	53
514	53
515	53
516	53
517	53
518	53
519	53
520	54
521	54
522	54
523	54
524	54
525	54
526	54
527	54
528	54
529	54
530	55
531	55
532	55
533	55
534	55
535	55
536	55
537	55
538	55
539	55
540	56
541	56
542	56
543	56
544	56
545	56
546	56
547	56
548	56
549	56
550	57
551	57
552	57
553	57
554	57
555	57
556	57
557	57
558	57
559	57
560	58
561	58
562	58
563	58
564	58
565	58
566	58
567	58
568	58
569	58
570	59
571	59
572	59
573	59
574	59
575	59
576	59
577	59
578	59
579	59
580	60
581	60
582	60
583	60
584	60
585	60
586	60
587	60
588	60
589	60
590	61
591	61
592	61
593	61
594	61
595	61
596	61
597	61
598	61
599	61
600	62
601	62
602	62
603	62
604	62
605	62
606	62
607	62
608	62
609	62
610	63
611	63
612	63
613	63
614	63
615	63
616	63
617	63
618	63
619	63
620	64
621	64
622	64
623	64
624	64
625	64
626	64
627	64
628	64
629	64
630	65
631	65
632	65
633	65
634	65
635	65
636	65
637	65
638	65
639	65
640	66
641	66
642	66
643	66
644	66
645	66
646	66
647	66
648	66
649	66
650	67
651	67
652	67
653	67
654	67
655	67
656	67
657	67
658	67
659	67
660	68
661	68
662	68
663	68
664	68
665	68
666	68
667	68
668	68
669	68
670	69
671	69
672	69
673	69
674	69
675	69
676	69
677	69
678	69
679	69
680	70
681	70
682	70
683	70
684	70
685	70
686	70
687	70
688	70
689	70
690	71
691	71
692	71
693	71
694	71
695	71
696	71
697	71
698	71
699	71
700	72
701	72
702	72
703	72
704	72
705	72
706	72
707	72
708	72
709	72
710	73
711	73
712	73
713	73
714	73
715	73
716	73
717	73
718	73
719	73
720	74
721	74
722	74
723	74
724	74
725	74
726	74
727	74
728	74
729	74
730	75
731	75
732	75
733	75
734	75
735	75
736	75
737	75
738	75
739	75
740	76
741	76
742	76
743	76
744	76
745	76
746	76
747	76
748	76
749	76
750	77
751	77
752	77
753	77
754	77
755	77
756	77
757	77
758	77
759	77
760	78
761	78
762	78
763	78
764	78
765	78
766	78
767	78
768	78
769	78
770	79
771	79
772	79
773	79
774	79
775	79
776	79
777	79
778	79
779	79
780	80
781	80
782	80
783	80
784	80
785	80
786	80
787	80
788	80
789	80
790	81
791	81
792	81
793	81
794	81
795	81
796	81
797	81
798	81
799	81
800	82
801	82
802	82
803	82
804	82
805	82
806	82
807	82
808	82
809	82
810	83
811	83
812	83
813	83
814	83
815	83
816	83
817	83
818	83
819	83
820	84
821	84
822	84
823	84
824	84
825	84
826	84
827	84
828	84
829	84
830	85
831	85
832	85
833	85
834	85
835	85
836	85
837	85
838	85
839	85
840	86
841	86
842	86
843	86
844	86
845	86
846	86
847	86
848	86
849	86
850	87
851	87
852	87
853	87
854	87
855	87
856	87
857	87
858	87
859	87
860	88
861	88
862	88
863	88
864	88
865	88
866	88
867	88
868	88
869	88
870	89
871	89
872	89
873	89
874	89
875	89
876	89
877	89
878	89
879	89
880	90
881	90
882	90
883	90
884	90
885	90
886	90
887	90
888	90
889	90
890	91
891	91
892	91
893	91
894	91
895	91
896	91
897	91
898	91
899	91
900	92
901	92
902	92
903	92
904	92
905	92
906	92
907	92
908	92
909	92
910	93
911	93
912	93
913	93
914	93
915	93
916	93
917	93
918	93
919	93
920	94
921	94
922	94
923	94
924	94
925	94
926	94
927	94
928	94
929	94
930	95
931	95
932	95
933	95
934	95
935	95
936	95
937	95
938	95
939	95
940	96
941	96
942	96
943	96
944	96
945	96
946	96
947	96
948	96
949	96
950	97
951	97
952	97
953	97
954	97
955	97
956	97
957	97
958	97
959	97
960	98
961	98
962	98
963	98
964	98
965	98
966	98
967	98
968	98
969	98
970	99
971	99
972	99
973	99
974	99
975	99
976	99
977	99
978	99
979	99
980	100
981	100
982	100
983	100
984	100
985	100
986	100
987	100
988	100
989	100
990	101
991	101
992	101
993	101
994	101
995	101
996	101
997	101
998	101
999	101
1000	102
1001	102
1002	102
1003	102
1004	102
1005	102
1006	102
1007	102
1008	102
1009	102
1010	103
1011	103
1012	103
1013	103
1014	103
1015	103
1016	103
1017	103
1018	103
1019	103
1020	104
1021	104
1022	104
1023	104
1024	104
1025	104
1026	104
1027	104
1028	104
1029	104
1030	105
1031	105
1032	105
1033	105
1034	105
1035	105
1036	105
1037	105
1038	105
1039	105
1040	106
1041	106
1042	106
1043	106
1044	106
1045	106
1046	106
1047	106
1048	106
1049	106
1060	108
1061	108
1062	108
1063	108
1064	108
1065	108
1066	108
1067	108
1068	108
1069	108
1070	109
1071	109
1072	109
1073	109
1074	109
1075	109
1076	109
1077	109
1078	109
1079	109
1080	110
1081	110
1082	110
1083	110
1084	110
1085	110
1086	110
1087	110
1088	110
1089	110
1090	111
1091	111
1092	111
1093	111
1094	111
1095	111
1096	111
1097	111
1098	111
1099	111
1100	112
1101	112
1102	112
1103	112
1104	112
1105	112
1106	112
1107	112
1108	112
1109	112
\.


--
-- Data for Name: recipes; Type: TABLE DATA; Schema: public; Owner: Mekinsie
--

COPY public.recipes (id, name, created_at, updated_at) FROM stdin;
14	Fish And Chips	2021-03-18 21:50:43.006599	2021-03-18 21:50:43.006599
15	Meatballs With Sauce	2021-03-18 21:50:43.041865	2021-03-18 21:50:43.041865
16	Chilli Con Carne	2021-03-18 21:50:43.078475	2021-03-18 21:50:43.078475
17	Caprese Salad	2021-03-18 21:50:43.113802	2021-03-18 21:50:43.113802
18	Som Tam	2021-03-18 21:50:43.149173	2021-03-18 21:50:43.149173
19	Som Tam	2021-03-18 21:50:43.185098	2021-03-18 21:50:43.185098
20	Tuna Sashimi	2021-03-18 21:50:43.22151	2021-03-18 21:50:43.22151
21	Scotch Eggs	2021-03-18 21:50:43.258014	2021-03-18 21:50:43.258014
22	Risotto With Seafood	2021-03-18 21:50:43.294161	2021-03-18 21:50:43.294161
23	Caesar Salad	2021-03-18 21:50:43.330134	2021-03-18 21:50:43.330134
24	Tuna Sashimi	2021-03-18 21:50:43.365184	2021-03-18 21:50:43.365184
25	French Fries With Sausages	2021-03-18 21:50:43.40233	2021-03-18 21:50:43.40233
26	Fish And Chips	2021-03-18 21:50:43.44969	2021-03-18 21:50:43.44969
27	Bruschette With Tomato	2021-03-18 21:50:43.484962	2021-03-18 21:50:43.484962
28	Chicken Fajitas	2021-03-18 21:50:43.519559	2021-03-18 21:50:43.519559
29	Mushroom Risotto	2021-03-18 21:50:43.55582	2021-03-18 21:50:43.55582
30	Pizza	2021-03-18 21:50:43.592055	2021-03-18 21:50:43.592055
31	Caesar Salad	2021-03-18 21:50:43.626826	2021-03-18 21:50:43.626826
32	Tiramis	2021-03-18 21:50:43.661329	2021-03-18 21:50:43.661329
33	Kebab	2021-03-18 21:50:43.696757	2021-03-18 21:50:43.696757
34	Tuna Sashimi	2021-03-18 21:50:43.734328	2021-03-18 21:50:43.734328
35	Pierogi	2021-03-18 21:50:43.768795	2021-03-18 21:50:43.768795
36	Katsu Curry	2021-03-18 21:50:43.8035	2021-03-18 21:50:43.8035
37	Som Tam	2021-03-18 21:50:43.838233	2021-03-18 21:50:43.838233
38	Ebiten Maki	2021-03-18 21:50:43.883005	2021-03-18 21:50:43.883005
39	Caprese Salad	2021-03-18 21:50:43.918496	2021-03-18 21:50:43.918496
40	Fettuccine Alfredo	2021-03-18 21:50:43.953912	2021-03-18 21:50:43.953912
41	Chicken Milanese	2021-03-18 21:50:43.989396	2021-03-18 21:50:43.989396
42	Pasta And Beans	2021-03-18 21:50:44.024577	2021-03-18 21:50:44.024577
43	Poke	2021-03-18 21:50:44.060285	2021-03-18 21:50:44.060285
44	Poke	2021-03-18 21:50:44.097062	2021-03-18 21:50:44.097062
45	Lasagne	2021-03-18 21:50:44.133589	2021-03-18 21:50:44.133589
46	Chicken Milanese	2021-03-18 21:50:44.169278	2021-03-18 21:50:44.169278
47	Caprese Salad	2021-03-18 21:50:44.205002	2021-03-18 21:50:44.205002
48	Chicken Fajitas	2021-03-18 21:50:44.24009	2021-03-18 21:50:44.24009
49	Poke	2021-03-18 21:50:44.275227	2021-03-18 21:50:44.275227
50	Pierogi	2021-03-18 21:50:44.321512	2021-03-18 21:50:44.321512
51	Stinky Tofu	2021-03-18 21:50:44.356085	2021-03-18 21:50:44.356085
52	Barbecue Ribs	2021-03-18 21:50:44.391061	2021-03-18 21:50:44.391061
53	Chicken Parm	2021-03-18 21:50:44.425808	2021-03-18 21:50:44.425808
54	Barbecue Ribs	2021-03-18 21:50:44.461444	2021-03-18 21:50:44.461444
55	Chicken Parm	2021-03-18 21:50:44.496768	2021-03-18 21:50:44.496768
56	Bruschette With Tomato	2021-03-18 21:50:44.532102	2021-03-18 21:50:44.532102
57	Pasta And Beans	2021-03-18 21:50:44.56789	2021-03-18 21:50:44.56789
58	Fish And Chips	2021-03-18 21:50:44.605949	2021-03-18 21:50:44.605949
59	French Toast	2021-03-18 21:50:44.64086	2021-03-18 21:50:44.64086
60	Pork Sausage Roll	2021-03-18 21:50:44.679149	2021-03-18 21:50:44.679149
61	Chicken Milanese	2021-03-18 21:50:44.716622	2021-03-18 21:50:44.716622
62	Risotto With Seafood	2021-03-18 21:50:44.762295	2021-03-18 21:50:44.762295
63	Ebiten Maki	2021-03-18 21:50:44.798503	2021-03-18 21:50:44.798503
64	Chilli Con Carne	2021-03-18 21:50:44.833592	2021-03-18 21:50:44.833592
65	French Toast	2021-03-18 21:50:44.868409	2021-03-18 21:50:44.868409
66	Scotch Eggs	2021-03-18 21:50:44.903953	2021-03-18 21:50:44.903953
67	Poke	2021-03-18 21:50:44.939045	2021-03-18 21:50:44.939045
68	Bunny Chow	2021-03-18 21:50:44.974002	2021-03-18 21:50:44.974002
69	Chicken Fajitas	2021-03-18 21:50:45.009358	2021-03-18 21:50:45.009358
70	Risotto With Seafood	2021-03-18 21:50:45.044789	2021-03-18 21:50:45.044789
71	French Fries With Sausages	2021-03-18 21:50:45.081105	2021-03-18 21:50:45.081105
72	Teriyaki Chicken Donburi	2021-03-18 21:50:45.1164	2021-03-18 21:50:45.1164
73	Pizza	2021-03-18 21:50:45.151689	2021-03-18 21:50:45.151689
74	Linguine With Clams	2021-03-18 21:50:45.197054	2021-03-18 21:50:45.197054
75	Poke	2021-03-18 21:50:45.232068	2021-03-18 21:50:45.232068
76	Pasta With Tomato And Basil	2021-03-18 21:50:45.267161	2021-03-18 21:50:45.267161
77	Philadelphia Maki	2021-03-18 21:50:45.303659	2021-03-18 21:50:45.303659
78	Seafood Paella	2021-03-18 21:50:45.340359	2021-03-18 21:50:45.340359
79	Fish And Chips	2021-03-18 21:50:45.3761	2021-03-18 21:50:45.3761
80	Arepas	2021-03-18 21:50:45.411868	2021-03-18 21:50:45.411868
81	Pasta Carbonara	2021-03-18 21:50:45.447012	2021-03-18 21:50:45.447012
82	Som Tam	2021-03-18 21:50:45.482156	2021-03-18 21:50:45.482156
83	Scotch Eggs	2021-03-18 21:50:45.517274	2021-03-18 21:50:45.517274
84	Ricotta Stuffed Ravioli	2021-03-18 21:50:45.552451	2021-03-18 21:50:45.552451
85	Tuna Sashimi	2021-03-18 21:50:45.588452	2021-03-18 21:50:45.588452
86	Kebab	2021-03-18 21:50:45.623705	2021-03-18 21:50:45.623705
87	Seafood Paella	2021-03-18 21:50:45.66879	2021-03-18 21:50:45.66879
88	Cheeseburger	2021-03-18 21:50:45.703801	2021-03-18 21:50:45.703801
89	Caesar Salad	2021-03-18 21:50:45.739639	2021-03-18 21:50:45.739639
90	Meatballs With Sauce	2021-03-18 21:50:45.774811	2021-03-18 21:50:45.774811
91	Salmon Nigiri	2021-03-18 21:50:45.809958	2021-03-18 21:50:45.809958
92	Linguine With Clams	2021-03-18 21:50:45.84534	2021-03-18 21:50:45.84534
93	Seafood Paella	2021-03-18 21:50:45.880951	2021-03-18 21:50:45.880951
94	Caprese Salad	2021-03-18 21:50:45.916712	2021-03-18 21:50:45.916712
95	Fish And Chips	2021-03-18 21:50:45.952738	2021-03-18 21:50:45.952738
96	Ebiten Maki	2021-03-18 21:50:45.988391	2021-03-18 21:50:45.988391
97	Chilli Con Carne	2021-03-18 21:50:46.023676	2021-03-18 21:50:46.023676
98	Caesar Salad	2021-03-18 21:50:46.059684	2021-03-18 21:50:46.059684
99	Souvlaki	2021-03-18 21:50:46.105192	2021-03-18 21:50:46.105192
100	Mushroom Risotto	2021-03-18 21:50:46.140374	2021-03-18 21:50:46.140374
101	Ebiten Maki	2021-03-18 21:50:46.176255	2021-03-18 21:50:46.176255
102	Bunny Chow	2021-03-18 21:50:46.211582	2021-03-18 21:50:46.211582
103	Souvlaki	2021-03-18 21:50:46.24812	2021-03-18 21:50:46.24812
104	Stinky Tofu	2021-03-18 21:50:46.284142	2021-03-18 21:50:46.284142
105	Pasta And Beans	2021-03-18 21:50:46.320528	2021-03-18 21:50:46.320528
106	Vegetable Soup	2021-03-18 21:50:46.356665	2021-03-18 21:50:46.356665
108	French Toast	2021-03-18 21:50:46.430045	2021-03-18 21:50:46.430045
109	California Maki	2021-03-18 21:50:46.466635	2021-03-18 21:50:46.466635
110	Cheeseburger	2021-03-18 21:50:46.50287	2021-03-18 21:50:46.50287
111	Tuna Sashimi	2021-03-18 21:50:46.549785	2021-03-18 21:50:46.549785
112	Pappardelle Alla Bolognese	2021-03-18 21:50:46.589519	2021-03-18 21:50:46.589519
\.


--
-- Data for Name: schema_migrations; Type: TABLE DATA; Schema: public; Owner: Mekinsie
--

COPY public.schema_migrations (version) FROM stdin;
20210317231027
20210317170815
\.


--
-- Name: ingredients_id_seq; Type: SEQUENCE SET; Schema: public; Owner: Mekinsie
--

SELECT pg_catalog.setval('public.ingredients_id_seq', 1112, true);


--
-- Name: recipes_id_seq; Type: SEQUENCE SET; Schema: public; Owner: Mekinsie
--

SELECT pg_catalog.setval('public.recipes_id_seq', 112, true);


--
-- Name: ar_internal_metadata ar_internal_metadata_pkey; Type: CONSTRAINT; Schema: public; Owner: Mekinsie
--

ALTER TABLE ONLY public.ar_internal_metadata
    ADD CONSTRAINT ar_internal_metadata_pkey PRIMARY KEY (key);


--
-- Name: ingredients ingredients_pkey; Type: CONSTRAINT; Schema: public; Owner: Mekinsie
--

ALTER TABLE ONLY public.ingredients
    ADD CONSTRAINT ingredients_pkey PRIMARY KEY (id);


--
-- Name: recipes recipes_pkey; Type: CONSTRAINT; Schema: public; Owner: Mekinsie
--

ALTER TABLE ONLY public.recipes
    ADD CONSTRAINT recipes_pkey PRIMARY KEY (id);


--
-- Name: schema_migrations schema_migrations_pkey; Type: CONSTRAINT; Schema: public; Owner: Mekinsie
--

ALTER TABLE ONLY public.schema_migrations
    ADD CONSTRAINT schema_migrations_pkey PRIMARY KEY (version);


--
-- Name: index_ingredients_recipes_on_ingredient_id; Type: INDEX; Schema: public; Owner: Mekinsie
--

CREATE INDEX index_ingredients_recipes_on_ingredient_id ON public.ingredients_recipes USING btree (ingredient_id);


--
-- Name: index_ingredients_recipes_on_recipe_id; Type: INDEX; Schema: public; Owner: Mekinsie
--

CREATE INDEX index_ingredients_recipes_on_recipe_id ON public.ingredients_recipes USING btree (recipe_id);


--
-- Name: ingredients_recipes fk_rails_8f63238379; Type: FK CONSTRAINT; Schema: public; Owner: Mekinsie
--

ALTER TABLE ONLY public.ingredients_recipes
    ADD CONSTRAINT fk_rails_8f63238379 FOREIGN KEY (recipe_id) REFERENCES public.recipes(id);


--
-- Name: ingredients_recipes fk_rails_e254ded715; Type: FK CONSTRAINT; Schema: public; Owner: Mekinsie
--

ALTER TABLE ONLY public.ingredients_recipes
    ADD CONSTRAINT fk_rails_e254ded715 FOREIGN KEY (ingredient_id) REFERENCES public.ingredients(id);


--
-- PostgreSQL database dump complete
--

